"ProductID";"PartNumber";"Description"
1;"30cb01c";"cndl 30mm caballer 8-shot red comet (28s)"
2;"30cb01m";"cndl 30mm caballer 8-shot red mine (28s)"
3;"30cb02c";"cndl 30mm caballer 8-shot orange comet (28s)"
4;"30cb02m";"cndl 30mm caballer 8-shot orange mine (28s)"
5;"30cb03c";"cndl 30mm caballer 8-shot yellow comet (28s)"
6;"30cb03m";"cndl 30mm caballer 8-shot yellow mine (28s)"
7;"30cb04c";"cndl 30mm caballer 8-shot green comet (28s)"
8;"30cb04m";"cndl 30mm caballer 8-shot green mine (28s)"
9;"30cb05c";"cndl 30mm caballer 8-shot blue comet (28s)"
10;"30cb05m";"cndl 30mm caballer 8-shot blue mine (28s)"
11;"30cb06c";"cndl 30mm caballer 8-shot purple comet (28s)"
12;"30cb06m";"cndl 30mm caballer 8-shot purple mine (28s)"
13;"30cb07c";"cndl 30mm caballer 8-shot violet comet (28s)"
14;"30cb07m";"cndl 30mm caballer 8-shot violet mine (28s)"
15;"40cb03";"cndl 40mm caballer 1-shot fuschia comet w/kamuro tail"
16;"40cb04";"cndl 40mm caballer 1-shot cyan comet w/kamuro tail"
17;"40cb05";"cndl 40mm caballer 1-shot violet comet w/gold willow tail"
18;"40cb06";"cndl 40mm caballer 1-shot red comet w/ tail"
19;"40cb07";"cndl 40mm caballer 1-shot orange comet"
20;"40cb09";"cndl 40mm caballer 1-shot tangerine comet"
21;"40cb10";"cndl 40mm caballer 1-shot orange mine"
22;"60pf01";"cndl 60mm caballer 3sec 6-shot Zafarancho Candle"
23;"art5e02";"5"" green ring w/red pistil w/silver crackling"
24;"cb01/ldc045";"ufo (girandola) 1-step no report 5.5sec"
25;"cb03";"ufo (girandola) white, red, or grn, 2-step no report 5.5sec"
26;"cb505";"5"" mine golden willow to mc aerial mine"
27;"cb510";"5"" mine white spangle to purple aerial mine"
28;"csm01";"fntn 2"" 15-ft white fire flower w/bright purple microstars fountain-30sec"
29;"csm02";"fntn 2"" 15-ft white fire flower w/multicolor microstars fountain-30sec"
30;"csm601";"6"" multi-blooming chrys waterfall"
31;"csp1r01";"ck fan 13s 1-row  red crossettes w/green strobe mine"
32;"csp1r03";"ck fan 13s 1-row  silver tail w/red strobe mine"
33;"csp1r04";"ck fan 13s 1-row  silver strobe willow tail w/red strobe mine"
34;"csp1r05";"ck fan 13s 1-row  red strobe willow tail w/silver strobe mine"
35;"csp1r06";"ck fan 13s 1-row  deep gold chrys tail w/green strobe mine"
36;"csp2501";"2.5"" mine deep (blood) red"
37;"csp2502";"2.5"" silver crown"
38;"csp401";"4"" color moving stars (red & green)"
39;"csp403";"4"" deep (blood) red peony"
40;"csp601";"6"" two stage brocade crown crossette"
41;"csp603";"6"" silver dragons cylinder w/salutes"
42;"csp604";"6"" flower willow waterfall"
43;"cspck01";"ck Z 90s gold strobe willow w/big blue pistil w/blue mine"
44;"cspck02";"ck Z 90s color tip whirl"
45;"cspck03";"ck W 90s red tail to red strobe, green tail to ti (crackling) flower"
46;"cspck04-q";"ck Z 100s purple & green tails to white strobe"
47;"cspck05-q";"ck fan 130s red strobe mine to silver whirl"
48;"cspck06";"ck fan(5part) 300s red crossette, silver whirl & blue stars"
49;"cspck07";"ck fan(7part) 300s deep gold & peachblow (magenta) tails"
50;"cspck09";"ck 100s ti salutues w/red & blue tails"
51;"cspck12";"ck 49s golden tail to golden brocade (25 sec)"
52;"cspck16";"ck 100s brocade crown tail to brocade crown w/peach red pist (30 sec)"
53;"cspck22";"ck Z 100s blue tail to brocade crown w/blue stars (30 sec)"
54;"cspck23";"ck fan 100s red, green, blue tails to white glittering waterfalls (20 sec)"
55;"cspfn02";"strobe pot white 30 sec jumbo"
56;"cspfn03";"fntn 5M (16ft), 60sec gold, silver, blue 3-level fountain"
57;"cspfn04";"fntn 10M (33ft), 60sec silver fountain w/blue pistil"
58;"cspfn05";"fntn 8M (26ft), 18sec silver fountain"
59;"eb006";"3"" mine (70mm), 6-shot batterie, green stars (18sec)"
60;"em-2m";"ematch 2-meter wire length, orange wire, 50/box"
61;"em-3m";"ematch 3-meter wire length, blue or black wire 40/box"
62;"em-5m";"ematch 5-meter wire length,  yellow wire 25/box"
63;"fc1.0cm";"firecrackers 1.0cm diameter - 177 feet; 12000 pcs"
64;"fc1.8cm";"firecrackers 1.8cm diameter - 95 feet; 3700 pcs"
65;"fc2.0cm";"firecrackers 2.0cm diameter - 89 feet; 2800 pcs"
66;"fc5630-02";"ck fan 56s brocade mine up to special white strobe (24s)"
67;"fc5630-03";"ck fan 56s purple mine up to golden ti willow (24s)"
68;"fc5630-04";"ck fan 56s silver diamond mine up to silver crown (24s)"
69;"fc5630-05";"ck fan 56s snowflake willow mine up to snowflake willow (24s)"
70;"fc9030-02";"ck fan 90s silver crown mines (24s)"
71;"fc9030-03";"ck fan 90s white strobe mines (24s)"
72;"fk13-q";"ck fan 80s color strobe willow - 23 sec"
73;"gkc156-100";"ck 100s red, green & blue crackers -36 sec"
74;"gkc158-100";"ck 100s seablue, red, green, golden strobes -39 sec"
75;"hq01-q";"ck fan 13s 1-row  mine brocade crown waterfall w/red strb pist"
76;"hq03";"ck fan 13s 1-row  silver comets & color mines w/reports"
77;"hq05-q";"ck fan 13s 1-row  glittering mines"
78;"hq06-q";"ck fan 13s 1-row  red wave comets"
79;"hq07-q";"ck fan 13s 1-row  rainbow color mines"
80;"hq08-q";"ck Z 13s 1-row wipe - mine brocade crown waterfall w/red strb pist (5s)"
81;"hq09";"ck Z 13s 1-row wipe - red wave comets (5s)"
82;"hq10-q";"ck 25s water cake - red carpet - 25 sec"
83;"hq11";"ck V 100s green strobe mine to flower shuttle w/blue stars (30s)"
84;"hq12";"ck 100s gold coconut w/green strobe pistil w/green tails (30 sec)"
85;"hq13";"ck 49s quick ti salutes w/multicolor tails (10s)"
86;"hq14";"ck 100s glittering mine to glittering coconut w/color stars (36s)"
87;"hq15";"ck 100s corolla chrys to blue w/blue pistil w/blue tail (30 sec)"
88;"hq16-q";"ck 100s red octopus w/red wave tails (21s)"
89;"hq17";"ck 100s silver strobe & new color dahlias w/salutes w/color tails (30s)"
90;"hq25chn1";"2.5"" chain 10 all dark salutes (no titanium)"
91;"hq25chn2";"2.5"" chain 10 ti salutes w/big silver tails (""titanium chrys"")"
92;"hq25chn3";"2.5"" chain 10 rainbow peonies w/big silver tails"
93;"hq25chn4";"2.5"" chain 10 rainbow peonies + salutes w/big silver tail"
94;"hq25gb";"2.5"" salute, dark -ground bomb, no delay, no lift, short fuse"
95;"hq25p01";"2.5"" mine multicolor stars"
96;"hq25p02";"2.5"" mine red stars"
97;"hq25p03";"2.5"" mine white stars"
98;"hq25p04";"2.5"" mine blue stars"
99;"hq25p05";"2.5"" mine brocade crown stars"
100;"hq25p06";"2.5"" mine multicolor (magenta,lemon,aqua,orange)"
101;"hq25p07";"2.5"" mine glitter crackling"
102;"hq25p08";"2.5"" mine silver strobe"
103;"hq25p09";"2.5"" mine machine gun salutes"
104;"hq25q01-120";"2.5"" salute, ti, extra loud, w/2 fuses"
105;"hq25q01-96";"2.5"" salute, ti, extra loud, w/2 fuses"
106;"hq25q02-120";"2.5"" salute, dark (no ti), extra loud, w/2 fuses"
107;"hq25q02-96";"2.5"" salute, dark (no ti), extra loud, w/2 fuses"
108;"hq301";"3"" mine cylinder color chrys w/thousand reports"
109;"hq302";"3"" mine cylinder machine gun"
110;"hq303";"3"" mine cylinder whistles w/red tips"
111;"hq304";"3"" mine cylinder white strobe to red crossette"
112;"hq305";"3"" mine cylinder special multicolor strobe"
113;"hq306";"3"" mine cylinder multicolor crossettes"
114;"hq307";"3"" mine cylinder color to big crackling rain"
115;"hq312";"3"" mine whistles cylinder to big report"
116;"hq3chn11";"3"" chain 10 salute dark (no ti, no tail) (""crackling"")"
117;"hq3chn4";"3"" chain 10 rainbow peonies & ti salutes(sil flwrs) w/big silver tails"
118;"hq3m01";"3"" mine cylinder green & gold glittering"
119;"hq3m02";"3"" mine cylinder gold rain crossette"
120;"hq3m03";"3"" mine cylinder color flower ball (crklng) up to color flower ball (crklng)"
121;"hq3m04";"3"" mine cylinder color silver dragons"
122;"hq3m13";"3"" mine cylinder green strobe to yellow crossettes"
123;"hq3p01";"3"" multicolor falling leaves w/blue stars pistil"
124;"hq3p04";"3"" mine cylinder - red stars"
125;"hq3p05";"3"" mine cylinder - white stars"
126;"hq3p06";"3"" mine cylinder - blue stars"
127;"hq3p07";"3"" fireflower (tourbillions) cylinder w/multicolor pistil"
128;"hq3p08";"3"" fireflower (tourbillions) cylinder w/special green strobe pistil"
129;"hq3p09";"3"" pink, seablue & lemon dahlia w/silver strobe pistil"
130;"hq3p10";"3"" multicolor peony w/silver strobe pistil"
131;"hq3p12";"3"" mine cylinder - white strobing stars"
132;"hq3p13";"3"" multicolor dahlia w/white strobe pistil"
133;"hq3p20";"3"" fresh color dahlia (magenta,lemon,aqua,orange stars)"
134;"hq3p21";"3"" silver fish"
135;"hq3p22";"3"" multicolor fish"
136;"hq3q02";"3"" white special strobing peony"
137;"hq3q03";"3"" red special strobing peony"
138;"hq3q04";"3"" white bright peony"
139;"hq3t01";"3"" time rain crackling willow waterfall"
140;"hq406";"4"" whistles cylinder to big report"
141;"hq409";"4"" blue and gold big crackling rain tree"
142;"hq4assort";"4"" assortment hq 1 ea of 36 w/big silver tail & 2 fuses"
143;"hq4chn1";"4"" chain 8 rainbow peonies w/big silver tails"
144;"hq4chn2";"4"" chain 8 dark salutes (no ti, no tail)"
145;"hq4chn3";"4"" chain 8 silver crown w/green strobe pistil w/big silver tail"
146;"hq4chn4";"4"" chain 8 crackling willow w/red strobing pistil"
147;"hq4chn5";"4"" chain 8 brocace crown w/green strobing pistil w/big sil tl"
148;"hq4m02";"4"" gold flashing ring to sound (salute) ring cylinder"
149;"hq4m03";"4"" red & blue double sound (salute) ring cylinder"
150;"hq4m04";"4"" red peony"
151;"hq4m08";"4"" pink, seablue & lemon dahlia w/silver strobe pistil"
152;"hq4m09";"4"" purple peony"
153;"hq4m11";"4"" silver crown w/magenta (peachblow) pistil"
154;"hq4m12";"4"" double rings - red & silver glitter w/red pistil"
155;"hq4m13";"4"" double rings - green & silver glitter w/green pistil"
156;"hq4m15";"4"" red heart pattern"
157;"hq4m16";"4"" green bowtie in red ring"
158;"hq4ms17";"4"" smiling face w/strobing (blinking) eyes"
159;"hq4n01";"4"" glittering crackling coconut w/green strobe pistil"
160;"hq4p03";"4"" multicolor peony w/silver strobe pistil"
161;"hq4p04";"4"" pink peony w/green pistil"
162;"hq4p07";"4"" red special strobing peony"
163;"hq4p08";"4"" multicolor falling leaves w/blue stars"
164;"hq4p10";"4"" silver fish"
165;"hq4p11";"4"" multicolor fish"
166;"hq4p15";"4"" multicolor moving stars"
167;"hq4p16";"4"" gold coconut w/green strobe pistil"
168;"hq4q01";"4"" timerain (crackling) willow waterfalll"
169;"hq4q03";"4"" red & blue color mix peony"
170;"hq4q04";"4"" red & silver special strobe waterfall"
171;"hq4q05";"4"" white special strobing peony"
172;"hq4q06";"4"" salute, ti, extra loud (ball)"
173;"hq4q07";"4"" salute, ti, extra loud (cylinder)"
174;"hq4q08";"4"" fireflower (tourbillions) w/multicolor pistil"
175;"hq506";"5"" glittering chrys in thousands flower ball tree"
176;"hq5assort";"5"" assortment 1 ea of 24 w/big silver tail & 2 fuses"
177;"hq5m01";"5"" blue peony"
178;"hq5m02";"5"" white peony"
179;"hq5m04";"5"" fireflower cylinder (double tourbillions) w/big red stobe pistil"
180;"hq5m05";"5"" smiling face w/strobing (blinking) eyes"
181;"hq5n03";"5"" blue wind bells"
182;"hq5p01";"5"" double glittering ring w/big blue pistil"
183;"hq5p02";"5"" double red crackling rain & silver chrys ring"
184;"hq5p04";"5"" 1/2 red/green & 1/2 red/blue in silver cross ring w/gold strobe pistil"
185;"hq5p06";"5"" purple dahlia w/strobing pistil & coconut pistil"
186;"hq5p07";"5"" thousands of silver coconut"
187;"hq5p08";"5"" multicolor falling leaves w/blue stars"
188;"hq5p09";"5"" pink, seablue, orange and green crossettes"
189;"hq5p10";"5"" special spring"
190;"hq5p12";"5"" double layer whistles w/red strobe pistil"
191;"hq5p13";"5"" multicolor moving stars"
192;"hq5p14";"5"" gold coconut w/green strobe pistil"
193;"hq5q01";"5"" silver dragons"
194;"hq5q02";"5"" red wind bells"
195;"hq5q03";"5"" white wind bells"
196;"hq5q04";"5"" timerain (crackling) willow waterfall"
197;"hq5q05";"5"" gold palm tree w/glittering trunk"
198;"hq6assort";"6"" assort HQ 1 ea of 9 w/big silver tail w/2 fuses"
199;"hq6n01";"6"" red cycas in blue crossette"
200;"hq6n02";"6"" brocade crown to red strobe w/red strobe pistil"
201;"hq6p01";"6"" 1/4 red, lemon, green, blue peony w/silver glitter pistil"
202;"hq6p02";"6"" thousands of silver coconut"
203;"hq6p03";"6"" color ten thousand thunder"
204;"hq6p04";"6"" blue to red peony w/white glitter pistil"
205;"hq6p05";"6"" special spring"
206;"hq6p06";"6"" multicolor thousand rings"
207;"hq6p07";"6"" silver flower wave w/big purple pistil"
208;"hq6p08";"6"" triple cherry blossom (3x crackling)"
209;"hq6p09";"6"" brocade crown to red strobe horsetaill"
210;"hq6t01/hx6t02*";"6"" time rain (crackling) willow waterfall"
211;"hqm01";"ck 100s poison spider (sil whirl tl up to red & sil glitter peonies) 38sec"
212;"hqm01-grn";"ck 100s green poison spider(sil whirl tl up to grn & sil glitter peonies)35s"
213;"hqm02";"ck 100s color chrys & crackling & ti salutes (40 sec)"
214;"hqm03";"ck 100s blue tail to silver strobe willow w/blue stars (32 sec)"
215;"hqm05";"ck 100s seablue, orange & grass green peonies & ti salutes -40 sec"
216;"hqm06";"ck 100s multicolor palm tree & ti salutes (45 sec)"
217;"hqm07";"ck 100s silver whirlpool tail to salutes (37 sec)"
218;"hqm10";"ck fan 182s silver strobe mine up to red,grn,pur dahlias & whistles-22 s"
219;"hqmg-fan";"ck fan 13s 1-row  machine gun salutes"
220;"hqmg06";"ck 2"" 6s machine gun (quick121 br wht salutes-fogette) - 3sec"
221;"hqmg15";"ck 2"" 15s machine gun (quick -302 bright white salutes - fogette) - 6sec"
222;"hqmg7";"ck fan 49s (7x7) quick machine gun salutes) - 10sec"
223;"hqn1";"ck fan 15s 1-row  color mines"
224;"hqnck01";"ck fan 65s glittering crackling mines w/red stars - 25sec"
225;"hqp02";"ck fan 280s 3 times whistle to red stars & ti salutes (20s)"
226;"hqp03";"ck 100s silver whirlpool tail to silver & purple peonies & salutes (30 sec)"
227;"hqp04";"ck 49s silver glittering willow w/silver glitter tail (26 sec)"
228;"hqp05-q";"ck fan 65s brocade waterfall mines w/big silver strobe pistil (16 sec)"
229;"hqp06";"ck 100s silver coconut w/cherry blossom w/silver tail (32 sec)"
230;"ht237-blue";"ck V 50s blue daytime smoke comet w/crackling (15 sec)"
231;"ht237-grn";"ck V 50s green daytime smoke comet w/crackling (15 sec)"
232;"ht237-pur";"ck V 50s purple daytime smoke comet w/crackling (15 sec)"
233;"ht237-wht";"ck V 50s white daytime smoke comet w/crackling (15 sec)"
234;"ht237-yel";"ck V 50s yellow daytime smoke comet w/crackling (15 sec)"
235;"ht246-grn";"cndl 1.5"" 1-shot color smoke tiger tail - green (10 sec)"
236;"ht246-pur";"cndl 1.5"" 1-shot color smoke tiger tail - purple (10 sec)"
237;"ht246-wht";"cndl 1.5"" 1-shot color smoke tiger tail - white (10 sec)"
238;"ht246-yel";"cndl 1.5"" 1-shot color smoke tiger tail - yellow (10 sec)"
239;"htnck01";"ck 49s orange w/white glitter mines to org w/wht gltr (36sec)"
240;"htnck02";"ck 9s fast (all at once), loud double crackling (4 sec)"
241;"htnck04";"ck 36s blue tail to golden belt w/red, green & white glitter-23 sec)"
242;"htnck05";"ck 36s blue tail to golden willow to red (25 sec)"
243;"htnck06";"ck 49s blue tail to golden spider w/blue, crcklng tl to ti flower willow (30s)"
244;"htnck07";"ck 49s red tl to brcd to red; blue tl to brcd to blue; bl tl to aloes (27s)"
245;"hw01";"3"" mine howard ground mine"
246;"hw02";"3"" mine howard prismatic jewel mine"
247;"hw05";"fntn 3"" howard (requires fixturing) revolving gold & silver fntn"
248;"hx25t02";"2.5"" chrys to blue"
249;"hx25t03";"2.5"" red peony w/crackling chrys pistil"
250;"hx25t04";"2.5"" purple peony w/crackling chrys pistil"
251;"hx25t05";"2.5"" blue peony w/crackling chrys pistil"
252;"hx25t06";"2.5"" green peony w/crackling chrys pistil"
253;"hx25t10";"2.5"" sky blue peony w/white strobe pistil"
254;"hx25t12";"2.5"" time rain willow"
255;"hx3t01";"3"" golden spangle chrys to blue"
256;"hx3t02";"3"" magenta peony"
257;"hx3t03";"3"" magenta dahlia"
258;"hx3t04";"3"" nightsnow to lemon"
259;"hx3t05";"3"" golden glittering willow"
260;"hx3t06";"3"" blue peony"
261;"hx3t07";"3"" time rain willow"
262;"hx3t08";"3"" green glittering waterfall"
263;"hx3t09";"3"" red glittering waterfall"
264;"hx3t10";"3"" green peony"
265;"hx3t11";"3"" multicolor peony"
266;"hx3t12";"3"" goldwave to red ring"
267;"hx3t13";"3"" red flower wave ring w/yellow pistil"
268;"hx3t14";"3"" silver wave"
269;"hx3t15";"3"" crackling brocade crown"
270;"hx3t16";"3"" smile face"
271;"hx3t17";"3"" silver crackling coconut"
272;"hx3t18";"3"" salute, ti w/silver tail"
273;"hx3t19";"3"" golden willow to blue"
274;"hx3t20";"3"" purple dahlia w/white strobe pistil"
275;"hx3t22";"3"" purple peony w/green pistil"
276;"hx3t23";"3"" nightsnow"
277;"hx3t24";"3"" violet peony"
278;"hx3t25";"3"" red peony"
279;"hx3t26";"3"" orange strobe mine"
280;"hx3t27";"3"" white wave"
281;"hx3t28";"3"" red to white strobe peony"
282;"hx3t29";"3"" chrys to white strobe"
283;"hx3t31";"3"" blue chrys"
284;"hx3t33";"3"" blue cycas"
285;"hx3t34";"3"" brocade crown to silver strobe"
286;"hx3t35";"3"" red glittering willow"
287;"hx3t36";"3"" seablue (aqua) peony"
288;"hx3t37";"3"" purple wave crossette"
289;"hx3t38";"3"" nightsnow w/green strobe pistil"
290;"hx4n01";"4"" blue to chrys w/chrys flower pistil"
291;"hx4n02";"4"" red coconut crossette w/chrys pistil"
292;"hx4n03";"4"" silver strobe waterfall"
293;"hx4n04";"4"" red to chrys flower - loud"
294;"hx4t01";"4"" red meteor w/blue pistil"
295;"hx4t03";"4"" golden to silver crossette"
296;"hx4t04";"4"" red wave crossette"
297;"hx4t05";"4"" chrys to red"
298;"hx4t06";"4"" time rain willow"
299;"hx4t07";"4"" glittering crossette"
300;"hx4t08";"4"" red glittering willow"
301;"hx4t09";"4"" smiling face"
302;"hx4t10";"4"" green wave crossette"
303;"hx4t11";"4"" golden to blue crossette"
304;"hx4t12";"4"" red wave to silver strobe"
305;"hx4t13";"4"" blue cycas"
306;"hx4t14";"4"" lemon peony w/purple pistil"
307;"hx4t15";"4"" golden spangle crown w/red pistil"
308;"hx4t16";"4"" dandelion to blue"
309;"hx4t17";"4"" silver strobe willow"
310;"hx4t18";"4"" gold willow to blue horse tail"
311;"hx4t19";"4"" salute, ti w/silver tail (ball)"
312;"hx4t20";"4"" green coconut crossette w/chrys pistil"
313;"hx4t21";"4"" brocade to blue horsetail"
314;"hx4t22";"4"" golden strobe to red w/green pistil"
315;"hx4t23";"4"" red crossette"
316;"hx4t24";"4"" twice crackling"
317;"hx4t25";"4"" purple peony w/chrys pistil"
318;"hx4t26";"4"" green chrys w/coconut pistil w/tail"
319;"hx4t27";"4"" nightsnow"
320;"hx4t28";"4"" pink peony"
321;"hx4t29";"4"" multicolor chrys"
322;"hx4t30";"4"" blue meteor"
323;"hx4t31";"4"" gold spangle crown w/red meteors"
324;"hx4t32";"4"" lemon chrys"
325;"hx4t33";"4"" brocade crown waterfall to red"
326;"hx4t34";"4"" brocade crown waterfall to blue"
327;"hx4t35";"4"" purple dahlia w/white strobe pistil"
328;"hx4t36";"4"" violet peony"
329;"hx4t37";"4"" purple peony"
330;"hx4t38";"4"" green strobe willow"
331;"hx4t39";"4"" chrys to white strobe"
332;"hx4t40";"4"" red chrys w/silver chrys pistil"
333;"hx4t42";"4"" charcoal crossette"
334;"hx4t43";"4"" brocade waterfall to color change"
335;"hx4t44";"4"" silver crown chrys to red"
336;"hx4t45";"4"" red flower"
337;"hx4t47";"4"" green glittering willow"
338;"hx4t49";"4"" white peony"
339;"hx4t50";"4"" red peony"
340;"hx4t51";"4"" red coconut crossette"
341;"hx4t53";"4"" blue peony"
342;"hx4t54";"4"" multicolor palm tree w/brocade trunk tail"
343;"hx4t55";"4"" golden strobe cycas to red w/golden trunk tail"
344;"hx4t56";"4"" silver crackling coconut w/crackling coconut trunk tail"
345;"hx4t57";"4"" blue sunflower to red w/crackling trunk tail"
346;"hx4t58";"4"" multicolor cycas w/golden trunk tail"
347;"hx4t59";"4"" dandelion to blue w/ trunk tail"
348;"hx5n01";"5"" multicolor hydrangea w/strobe pistil & ring"
349;"hx5n02";"5"" brocade crown SoS"
350;"hx5n03";"5"" saturn ring w/magic peony"
351;"hx5n04";"5"" gold strobe chrys to red w/green pistil"
352;"hx5n05";"5"" brocade crackling chrys w/crackling tail"
353;"hx5t01";"5"" blue brocade coconut"
354;"hx5t02";"5"" glittering willow w/silver strobe pistil"
355;"hx5t03";"5"" falling leaves shell of shells"
356;"hx5t04";"5"" blue peony w/flower crown pistil"
357;"hx5t05";"5"" golden strobe chrys w/green pistil"
358;"hx5t06";"5"" purple brocade coconut"
359;"hx5t07";"5"" crackling brocade crown"
360;"hx5t08";"5"" time rain willow"
361;"hx5t09";"5"" brocade coconut"
362;"hx5t10";"5"" gold spangle chrys to red w/green pistil"
363;"hx5t11";"5"" time rain crossette"
364;"hx5t12";"5"" multi flower w/lemon strobe pistil w/broacde ring"
365;"hx5t13";"5"" golden willow waterfall"
366;"hx5t14";"5"" red & green dahlia double rings w/white strobe pistil"
367;"hx5t15";"5"" silver wave to red"
368;"hx5t16";"5"" red to dark to green"
369;"hx5t17";"5"" red strobe shell of shells"
370;"hx5t18";"5"" silver crossette ring w/strobing pistil"
371;"hx5t19";"5"" multicolor peony"
372;"hx5t20";"5"" silver coconut with thousand reports"
373;"hx5t21";"5"" golden willow to blue horsetail"
374;"hx5t22";"5"" ring w/6 angled chrys"
375;"hx5t23";"5"" purple peony w/chrys pistil"
376;"hx5t24";"5"" red peony"
377;"hx5t25";"5"" crackling crossette"
378;"hx5t26";"5"" charcoal crossette"
379;"hx5t27";"5"" purple peony"
380;"hx5t28";"5"" glittering crossette"
381;"hx5t29";"5"" timerain crossette"
382;"hx5t30";"5"" multicolor meteors"
383;"hx5t32";"5"" red to white strobe coconut"
384;"hx5t33";"5"" golden spangle chrys to blue"
385;"hx5t34";"5"" half red half blue brocade ring"
386;"hx5t35";"5"" royal crown waterfall"
387;"hx5t36";"5"" multicolor cycas w/golden trunk tail"
388;"hx5t40";"5"" butterfly flower & red palm w/white strobe pist cylinder"
389;"hx5t42";"5"" multicolor hydrangea"
390;"hx5t43";"5"" changing snail pattern"
391;"hx6n01";"6"" gold coconut to red floret w/gold tail"
392;"hx6n02";"6"" crackling coconut to green floret w/gold tail"
393;"hx6t01";"6"" purple coconut crossette"
394;"hx6t03";"6"" brocade to blue to red w/purple flower wave pistil"
395;"hx6t04";"6"" golden strobe, shell of shells"
396;"hx6t05";"6"" golden coconut to lemon small flowers"
397;"hx6t06";"6"" glittering crossette"
398;"hx6t07";"6"" brocade coconut to purple w/green strobe pistil"
399;"hx6t08";"6"" green glittering willow"
400;"hx6t09";"6"" brocade coconut to blue w/red strobe pistil"
401;"hx6t10*";"6"" crackling crossette"
402;"hx6t12";"6"" red strobe, shell of shells"
403;"hx6t13";"6"" white wave"
404;"hx6t14";"6"" brocade crown, shell of shells"
405;"hx6t15";"6"" red to big silver chrys"
406;"hx6t16";"6"" green to big silver chrys"
407;"hx6t17";"6"" blue chrys, shell of shells"
408;"hx6t18";"6"" purple coconut crossette"
409;"hx6t19";"6"" red coconut crossette"
410;"hx6t20";"6"" green chrys w/coconut pistil"
411;"hx6t21";"6"" crackling coconut to purple small flowers"
412;"hx6t22";"6"" horse tail, shell of shells"
413;"hx6t23";"6"" blue peony w/flower crown pistil w/brocade trunk tail"
414;"hx6t30";"6"" silver strobe shell of shells"
415;"hx6t31";"6"" red small flowers shell of shells"
416;"hx6t32";"6"" blue small flowers shell of shells"
417;"hx6t33";"6"" multicolor small flowers shell of shells"
418;"hx8t10";"8"" sunglow ("
419;"hx8t11";"8"" dream ghost ("
420;"hxb10004";"ck fan 100s silver world (24s)"
421;"hxb11001";"ck fan 110s white strobe waterfall (22s)"
422;"hxb13001";"ck z 130s snow dance & red plum(red & sil gltr waterfalls-23s)"
423;"hxb15001";"ck fan 150s garden in the air (22s)"
424;"hxb18201";"ck z 182s purple & lemon crossettes (20s)"
425;"hxb8001";"ck fan 80s icing on the cake (24s)"
426;"hxckt01";"ck fan 100s deep red w/white glitter (24s)"
427;"hxnck01";"ck S 182s red,grn,lem,pur stars w/crossettes (22s)"
428;"hxnck03";"ck fan 100s white glittering & blue mines, red tiger tls (26s)"
429;"hxnck04";"ck fan 100s red & time rain mines (25s)"
430;"hxnck05";"ck fan 100s bl mines to bl stars w/time rain coco, sil fish(28s)"
431;"hxnck06";"ck fan 90s red mines & silver whirls (26s)"
432;"js3chn10";"3"" chain 10 ti salutes w/big silver tail (""silver flowers"")"
433;"js3chn13";"3"" chain 10 red, white, blue peonies & salutes w/big silver tail"
434;"js3chn15";"3"" chain 10 rainbow peonies w/big silver tails"
435;"js3chn2";"3"" chain 10 multicolor to crackling w/big brocade tail"
436;"js3chn3";"3"" chain 10 brcd crwn w/magenta pist & mag pe (5&5) w/big brcd tl"
437;"js3chn6";"3"" chain 10 brocade crown waterfallsl w/big brocade tail"
438;"js3chn8";"3"" chain 10 brocade crown w/red strobe pistil w/big brocade tail"
439;"js3chn9";"3"" chain 10 silver crown w/green strobe pistil w/big silver tails"
440;"js3Ngb";"3"" salute, dark - ground bomb, NO delay, no lift, short fuse"
441;"js3t01/hq3p03";"3"" salute dark, extra loud (no ti, no tail)"
442;"js3t02/hq3p02";"3"" salute ti, extra loud"
443;"js4n01";"4"" flower crown chrys to red"
444;"js4n02";"4"" purple strobe peony w/white strobe pistil"
445;"js4n04";"4"" goldwave ring w/red pistil"
446;"js4n06";"4"" red lantern"
447;"js4ngb";"4"" salute, ground bomb, dark (no ti), no delay, no lift"
448;"js5n01";"5"" purple strobe"
449;"js5n02";"5"" red gamboge to purple chrys w/blue pistil"
450;"js5n03";"5"" blue peony w/brocade chrys to green pistil"
451;"js5n04";"5"" green peony w/big red pistil"
452;"js6n01";"6"" blue chrys to brocade crown ring"
453;"js6n03";"6"" red peony w/big green pistil"
454;"js6n04";"6"" white peony w/big red pistil"
455;"js6n05";"6"" red gamboge to purple w/big blue pistil"
456;"js6n06";"6"" goldwave to green w/big white pistil"
457;"js6n08";"6"" chrys to blue w/big red pistil"
458;"jsckm01";"ck Z 150s American Thunder (ti slautes w/rwb tails) (57s)"
459;"jsckm02";"ck 100s American Thunder (1.5"" ti slautes w/rwb tails -fast) (22s)"
460;"jsckn01";"ck 2"" 36s alternate brocade crown & ti salutes 59 sec"
461;"jsckn02";"ck fan 100s blue mines & red tail to ti salutes fast finale-13 sec"
462;"jsckn03";"ck fan 280s red mines, ti salutes & silver whistles fast finale 9sec"
463;"jsm01";"cndl 2"" 1-shot silver strobe mine"
464;"jsm07-q";"ck X 130s lucky 2011(rd & grn tls to rd & grn strb falling leaves - 12sec)"
465;"jsm501";"5"" the magic ball (silver crackling strobe)"
466;"jsm604";"6"" gold silk chrys w/3 large brcd tails"
467;"jx3c22";"3"" comet gold glittering"
468;"jx3gb";"3"" salute, dark-ground bomb w/3sec delay, no lift, short fuse"
469;"jx4fwgcm";"4"" mine fower wave + green crossette"
470;"ld215";"ck 48s water - bombettes (22 sec)"
471;"ld25asrta";"2.5"" assortment A 24 types 4 ea (incl. 20 mc tiger tails) w/tails"
472;"ld25asrtb";"2.5"" assortment B 96 types 1 each w/tails"
473;"ld25asrtc";"2.5"" assortment C 60 types 1 each + 36 salutes w/tails"
474;"ld25k01";"2.5"" comet crackling"
475;"ld25k02";"2.5"" comet silver"
476;"ld25k03";"2.5"" comet gold glittering (gold brocade)"
477;"ld25k04";"2.5"" comet white glitter"
478;"ld27a";"wheel moving sparkling color wheel 70cm"
479;"ld2asrt";"2"" assortment A&B Lidu 1 ea of 144 w/tails"
480;"ld300";"3"" chain of 8 ti salutes w/big silver tails"
481;"ld3001";"3"" dragon eggs w/tail"
482;"ld3005";"3"" white ring"
483;"ld3007a";"3"" silver chrys"
484;"ld3017";"3"" mine thundering tourbillion cylinder"
485;"ld3037";"3"" silver diadem"
486;"ld3044";"3"" white flashing dahlia"
487;"ld3049";"3"" gold flashing willow w/brocade tail"
488;"ld3054a";"3"" silver spider"
489;"ld3081";"3"" mine gold crackling"
490;"ld30grn";"3"" mine green strobe"
491;"ld3102";"3"" yellow golden big willow"
492;"ld3145";"3"" white diadem w/tail"
493;"ld3c01a";"3"" comet white glittering"
494;"ld3f-z1";"3"" chain of 12 asrtd color shells w/tails"
495;"ld3k01";"3"" comet crackling"
496;"ld42221";"4"" silver peony w/crackling pistil w/tail"
497;"ld42222";"4"" golden peony w/crackling pistil w/gold tail"
498;"ld49041b";"4"" chain of 6, RWB peonies w/large comet tails"
499;"ld49041c";"4"" chain of 4, assorted color peonies"
500;"ld50013";"5"" mine thundering turbillioin"
501;"ld5002";"5"" mine glittering kamuro"
502;"ld52037";"5"" silver diadem"
503;"ld53029";"5"" blue tracer w/silver tail"
504;"ld53036";"5"" silver bees w/silver tail"
505;"ld54008";"5"" crackling scatter w/gold tail"
506;"ld54072";"5"" red & green scattering w/coco pistil"
507;"ld56007";"5"" brocade crown w/gold tail"
508;"ld57030";"5"" three cross rings"
509;"ld57042";"5"" bowtie ring w/tail"
510;"ld57046";"5"" smile face"
511;"ld57139";"5"" gold bowtie w/blue ring"
512;"ld58013";"5"" silver willow w/comet"
513;"ld58032";"5"" gold flash w/8 pieces chrys w/tail"
514;"ld58041";"5"" silver whirl w/purple ring w/tail"
515;"ld58161";"5"" red & green whirl flower"
516;"ld5asrtcfi";"5"" assortment lidu (18 shells) various fancy shells"
517;"ld6001";"6"" crackling willow to red cylinder"
518;"ld6054";"6"" silver spider"
519;"ld6072";"6"" red & green scattering w/coco pistil"
520;"ld6110";"6"" white flashing big willow"
521;"ld6150";"6"" silver hearts"
522;"ld6160";"6"" silver bees w/8 flower pistil"
523;"ld65048";"6"" white strobe lantern"
524;"ld6asrtcfi";"6"" assortment lidu 1 ea 9 types"
525;"ld8149";"8"" pattern silver crackling stars"
526;"ld8asrt";"8"" assorted peonies w/tail"
527;"lda154";"ck fan 45s red, white, blue tails (15 sec)"
528;"lda172";"ck Z 80s silver crown horse tail w/red tails (25 sec)"
529;"lda181";"ck Z 100s silver to red w/tail (30 sec)"
530;"lda189";"ck V 150s silver crown to red and green (30s)"
531;"lda191";"ck Z 80s brocade crown w/gold tails (25 sec)"
532;"lda192";"ck fan 80s silver lions to color crackling chrys (30 sec)"
533;"lda224";"ck fan 150s peacock exercise w/color tails & blue mines (21s)"
534;"lda242-110";"ck R 110s brocade crown tails (22s)"
535;"lda276-110";"ck R 110s gold strobing tails (22s)"
536;"ldc-mix1a";"ck 19s red chrys w/tail (25 sec)"
537;"ldc-mix1b";"ck 19s silver coconut tree (25 sec)"
538;"ldc-mix1c";"ck 19s color scattering (25 sec)"
539;"ldc-mix1d";"ck 19s big willow(25 sec)"
540;"ldc-mix2a";"ck z 6x8s sea blue crossettes (25 sec)"
541;"ldc-mix2b";"ck z 6x8s color tails (25 sec)"
542;"ldc-mix2c";"ck fan 9x5s red, white & blue tails (25 sec)"
543;"ldc-mix2d";"ck fan 8x3s blue crackling stars (25 sec)"
544;"ldc-mix3b";"ck 25s red plum (25 sec)"
545;"ldc-mix3c";"ck 25s happy stars (crackling) (25 sec)"
546;"ldc-mix4b";"ck 25s thunder rain (30 sec)"
547;"ldc-mix4c";"ck 25s blue chrys w/coco pistil & report (30 sec)"
548;"ldc-mix4d";"ck 25s color chrys w/whitles (30 sec)"
549;"ldc001";"fntn 1.5"" single white chrys"
550;"ldc005";"fntn 1.5"" smokless silver fountain"
551;"ldc007";"fntn 1.5"" smokless gold fountain"
552;"ldc008";"fntn 2"" big gold fountain"
553;"ldc010";"fntn 2"" big silver fountain"
554;"ldc014";"fntn 3"" big white crackling fountain"
555;"ldc016";"fntn 1"" single low smoke silvr"
556;"ldc029";"cndl 1.5"" 1-shot big crackling tail crossette"
557;"ldc036";"wheel moving color wheel 60cm"
558;"ldc039-1";"wheel moving new big wheel 50cm"
559;"ldc066";"cndl 1.5"" 1-shot big brocade crown crossette"
560;"ldc106-100";"ck 100s white glittering stars (30 sec)"
561;"ldc129-100";"ck 100s silver crossettes (30 sec)"
562;"ldc203-100";"ck 100s brocade crowns (30 sec)"
563;"ldc209-100";"ck 100s golden willows w/golden tails (30 sec)"
564;"ldc273-49";"ck 49s asrtd xst, pe w/sal, sil whirl, pe w/coco pist (40s)"
565;"ldc278-49";"ck 49s asrtd brcd grn pe, xst, sil comet mines (40s)"
566;"ldc290";"ck 142s assorted stars (34 sec)"
567;"ldw600";"waterfall sticks, chain of 10, 80"" long, smkless, silver, 60 sec, 30 ft drop"
568;"ldz7609";"cndl 3"" 6-shot silver whistle mine & gold chrys (20s)"
569;"lrbl";"lance ROPE blue, per foot, 2.3 lance/ft, 5.2"" c-c spacing"
570;"lrgr";"lance ROPE green, per foot, 2.3 lance/ft, 5.2"" c-c spacing"
571;"lrpl";"lance ROPE purple, per foot, 2.3 lance/ft, 5.2"" c-c spacing"
572;"lrrd";"lance ROPE red, per foot, 2.3 lance/ft, 5.2"" c-c spacing"
573;"lryl";"lance ROPE yellow, per foot, 2.3 lance/ft, 5.2"" c-c spacing"
574;"ls4430";"4"" comet brocade (gold glittering)"
575;"ls4501";"4"" comet crackling"
576;"ls4600";"4"" comet white strobe"
577;"ls5430";"5"" comet brocade (gold glittering)"
578;"ls5501";"5"" comet crackling"
579;"ls5600";"5"" comet white strobe"
580;"ls5605";"5"" comet silver"
581;"mt1r02";"ck fan 13s 1-row  golden wave w/green glitter bouquet"
582;"mt1r03";"ck fan 13s 1-row  green wave w/crackling bouquet"
583;"mtnck01";"ck 25s thunder king w/red, white, blue tails (26s)"
584;"mtnck02";"ck 49s green glittering tail to green glittering coconut (22s)"
585;"mtnck03";"ck 49s fresh red w/blue mines to silver glittering (21s)"
586;"mtnck04";"ck fan 49s titanium chrys w/red & green pistil (24s)"
587;"mtnck05";"ck 100s blue tail w/red mines to chrys willow (32s)"
588;"mtnck06";"ck W 100s crcklng chrys L&R; blue peony middle   (30s)"
589;"mtnck07";"ck fan 100s silver silk w/multicolor glittering   (36s)"
590;"mtnck08";"ck Z,W,S,fan 100s assorted effects    (33s)"
591;"mtnck09";"ck Z+I 125s golden & blue world  (19s)"
592;"ny21";"ck 100s silver dragon tail to green dahlias & silver strobe (40 sec)"
593;"ny23-q";"ck Z 100s dragon in flowers  20sec"
594;"ny26";"ck 2"" 49s ti salutes w/multicolor flower tails (55 sec)"
595;"ny27";"ck 2"" 49s multicolor crcklng palm w/gold strobe pist w/gold tails-27s"
596;"ny28";"ck 2"" 49s new color (mag/grn/aqua/lem) peonies w/sil coco pist w/sil tl-30s"
597;"ny29";"ck 2"" 49s gold glittering willow w/big blue pistil w/gold gltr tails-35 sec"
598;"ny30";"ck 2.5"" 36s alternate grn strb & gld gltr / brcd crwn w/grn strb pist w/tls-30s"
599;"ny31";"ck 2.5"" 36s time rain palm tree w/red strobe pistil w/crackling tails-30s"
600;"ny32-q";"ck 36s water cake - corolla (gold brocade) mines - 8 sec"
601;"ny33";"ck 36s water cake - color flower ball (crckl) to color flower ball (crckl)-10s"
602;"ny34";"ck fan 13s 1-row purple wave comets & white strobe mines"
603;"ny35";"ck fan 13s 1-row  silver comets & silver strobe mines"
604;"ny36";"ck fan 13s 1-row  green wave comets & silver strobe mines"
605;"ny38";"ck Z 13s 1-row wipe - green wave comets (5s)"
606;"ny39";"ck Z 13s 1-row wipe - silver comets (5s)"
607;"ny40";"ck Z 13s 1-row wipe - brocade crown comets (5s)"
608;"ny41";"ck Z 13s 1-row wipe - gold glittering mines (5s)"
609;"ny6415-1q";"ck fan 372s brocade crown & blue stars (30 sec)"
610;"ny6415-2q";"ck fan 372s peachblow (magenta), lemon & sea blue stars(25 sec)"
611;"ny6420-2";"ck fan 120s grn mn to grn strb&pnk dahl;sil strb&pnk pe;crklng;rd&lem xst-24s"
612;"ny6430-1";"ck fan 49s red, white & blue peonies - 22sec"
613;"ny6430-14";"ck fan 65s silver whirlpool tail to lemon & peachblow (mgnta) peonies-18s"
614;"ny6430-28";"ck 100s super brocade crown w/red strobe pistill (40 sec)"
615;"ny6430-3";"ck fan 49s 3-stage whistles - 20sec"
616;"ny6430-5s";"ck fan 49s colorful crossettes (red/green/lemon/silver) to ti salutes-20s"
617;"pw404";"4"" mine green glitter"
618;"qm-50m";"quickmatch fuse - 50 meter roll"
619;"rack-175-hdpe";"mortar rack, 1.75"" w/14 black hdpe tubes, 4 ft wide"
620;"rack-25-hdpe";"mortar rack, 2.5"" w/10 black hdpe tubes, 4 ft wide"
621;"rack-3-hdpe";"mortar rack, 3"" w/10 black hdpe tubes, 4 ft wide"
622;"rack-4-hdpe";"mortar rack, 4"" w/8 black hdpe tubes, 4 ft wide"
623;"rack-5-hdpe";"mortar rack, 5"" w/6 black hdpe tubes, 4 ft wide"
624;"rack-6-hdpe";"mortar rack, 6"" w/5 black hdpe tubes, 4 ft wide"
625;"rgspcl";"wheel moving ruggeri silver mag wheel, 60cm"
626;"rz504";"5"" gold flitter comets & other rozzi shells"
627;"sm401";"4"" multicolor cycas tree w/big tails"
628;"sm402";"4"" crackling brocade crown"
629;"sm403";"4"" brocade crown"
630;"sm501";"5"" cube pattern (red & green)"
631;"sm504";"5"" colorful dahlia (multicolor dahlia)"
632;"sm505";"5"" green strobe peony (special strobe)"
633;"sm508";"5"" brocade crown"
634;"sm509";"5"" crackling brocade crown"
635;"sm601";"6"" brocade to purple peony w/big purple pistil"
636;"sm602";"6"" blood red to white peony w/big blue pistil"
637;"sm603";"6"" brocade to cloud grass (crackling) w/big blood-red pistil"
638;"sm604";"6"" brocade crown to white strobe w/big special grn strb pist w/big tails"
639;"sm605";"6"" brocade crown"
640;"sm606";"6"" crackling brocade crown"
641;"sm801";"8"" brocade crown w/big special green strobe pistil"
642;"sm802";"8"" brocade crown w/big blood-red pistil"
643;"sm803";"8"" crackling brocade crown"
644;"sm804";"8"" brocade crown"
645;"sn10assrt";"10"" assorted Sunny 10"" shells"
646;"sn3230";"3"" comet, red palm tiger tail"
647;"sn3421";"3"" mine twinkling kamuro"
648;"sn3422";"3"" gold wave to silver chrys"
649;"sn39327";"3"" dahlia cylinder"
650;"sn4asrt";"4"" assortment sunny brand fancy shells 2 ea of 18 types"
651;"sn8002";"8"" four color change peony"
652;"sn8016";"8"" silver spider w/strobe pistil & silver"
653;"sn8017";"8"" gold spider w/strobe pistil"
654;"sn82012";"8"" crossette gold glitter"
655;"sn82702";"8"" crossette golden"
656;"sn82712";"8"" red palm crossette"
657;"sn88035";"8"" bowtie flower w/palm pistil"
658;"sn88038";"8"" silver brocade dragon"
659;"sn89086a";"8"" gold brocade kamuro to green w/green strobe pist"
660;"sn89111";"8"" gold brocade waterfall"
661;"sn89145";"8"" small red coconut"
662;"sn89263";"8"" gold popping brocade kamuro w/crcklng flwr pist"
663;"sngf01";"fntn 13"" cone silver w/red to blue tip, low-smoke, 20ft (fuseless)"
664;"snr120";"cndl 1.5"" 8-shot silver tail (24s)"
665;"snr122s";"cndl 1.2"" 8-shot silver tail (24s)"
666;"sr0930-02";"ck fan 9s 1-row  purple mine to gold coconut to purple"
667;"sr0930-03";"ck fan 9s 1-row  blue mine to silver coconut to blue"
668;"sr0930-04";"ck fan 9s 1-row  brocade crown to purple"
669;"sr0930-05";"ck fan 9s 1-row  white strobe mine to white strobe"
670;"st5001";"5"" santai flourish thunder"
671;"th02";"cndl 1.75"" 1-shot yellow glittering tail w/big green mine"
672;"th05";"cndl 1.75"" 1-shot lemon comet w/big magenta (peachblow) mine"
673;"th07";"cndl 1.75"" 1-shot gold wave tail"
674;"th08";"cndl 2"" 1-shot yellow strobe to blue mine"
675;"th10";"cndl 1.75"" 1-shot red & green peony break"
676;"th11";"cndl 2"" 1-shot white strobe mine to red meteors"
677;"th12";"cndl 2"" 1-shot red strobe and gold wave mine"
678;"th15-100";"ck 100s seablue & orange crossettes w/aqua & org tails (30s)"
679;"th16-100-q";"ck fan 100s red wave tail to white strobe, blue mines (27s)"
680;"th17-100-q";"ck fan 100s 5-way - gold wave to red mine (25s)"
681;"th18-80";"ck V 80s red tail to wave willow w/green strobe pistil (25s)"
682;"th19-90";"ck W 90s red, green & yellow peonies w/dragon eggs (29s)"
683;"th20-130";"ck Z 130s multicolor mines (peacock tail) (31s)"
684;"th21-100";"ck fan 100s peachblow (mag) & lemon crossettes w/tails to salutes (30s)"
685;"th22-130";"ck fan 130s three layer mines - wht gltr, red, blue (26s)"
686;"th25-100";"ck 100s new color crossettes (mag, lem, aqua, orange) (41s)"
687;"th26-120";"ck Z 120s rainbow comets (mag, lem, aqua, orange) (28s)"
688;"th27-100";"ck Z 100s peachblow crossettes alternate wave willow w/peach pist (30s)"
689;"th31-100";"ck 100s white glittering willow w/big red strobe pistil (41s)"
690;"thnck01";"ck fan 100s 5-branch brcd rainbow (brcd crwn & pastel clr mines)28s"
691;"thnck02";"ck fan 110s gold glittering tail to blue & red mines 18sec"
692;"thnck03";"ck Z 130s green glitter, yellow glitter, blue mines 12sec"
693;"thnck04";"ck Z 150s multicolor & white glittering stars 19sec"
694;"thnck05";"ck fan 280s silver tail to whistle to green stars 20sec"
695;"thnck06";"ck fan 280s 3 times whistles to salutes 18sec"
696;"thtck01-q";"ck 100s colorful white glitter pitil wheat - 24s"
697;"thtck02";"ck V 80s time rain crossettes - 26s"
698;"thtck03-q";"ck Z 100s blue pistil red glitter willow horsetail - 17s"
699;"thtck04-q";"ck fan 280s 7-branch red glitter pistil wave tl & blue tl - 10s"
700;"tube-10-hdpe";"mortar tube, 10"", black hdpe, 60"" long"
701;"tube-25-hdpe";"mortar tube, 2.5"", black hdpe, 16 1/2"" long"
702;"tube-3-hdpe";"mortar tube, 3"", black hdpe, 19 1/2"" long"
703;"tube-4-hdpe";"mortar tube, 4"", black hdpe, 23.6"" long"
704;"tube-5-hdpe";"mortar tube, 5"", black hdpe, 30"" long"
705;"tube-6-fg";"mortar tube, 6"", blue fiberglass, 35.4"" long"
706;"tube-6-hdpe";"mortar tube, 6"", black hdpe, 35.4"" long"
707;"tube-8-hdpe";"mortar tube, 8"", black hdpe, 43.3"" long"
708;"wh-lc-bl";"lance blue 10mm o.d. 60 sec"
709;"wh-lc-gld";"lance gold 10mm o.d. 60 sec"
710;"wh-lc-grn";"lance green 10mm o.d. 60 sec"
711;"wh-lc-pur";"lance purple 10mm o.d. 60 sec"
712;"wh-lc-rd";"lance red 10mm o.d. 60 sec"
713;"wh-lc-sil";"lance silver 10mm o.d. 60 sec"
714;"wh-lc-wht";"lance white 10mm o.d. 60 sec"
715;"wh-lc-yo";"lance yellow/orange 10mm o.d. 60 sec"
716;"wh01";"cndl 2"" 1-shot white glitter tail"
717;"wh02";"cndl 2"" 1-shot red wave tail w/large red strobing mine"
718;"wh03";"cndl 2"" 1-shot mine, silver strobe willow"
719;"wh05";"cndl 2"" 1-shot silver tiger tail"
720;"wh07";"cndl 2"" 1-shot blood red stars mine"
721;"wh08";"cndl 2"" 1-shot brocade crown mine"
722;"wh09";"cndl 2"" 1-shot multicolor mine"
723;"wh10";"cndl 2"" 1-shot brocade crown to blue mine"
724;"wh11-q";"cndl 1.75"" 8-shot silver tail to green crossette (27s)"
725;"wh12-q";"cndl 1.75"" 8-shot silver tail to red crossette (27s)"
726;"wh13-q";"cndl 1.75"" 8-shot flashing willow tail to blue crossette (27s)"
727;"wh14-q";"cndl 1.75"" 8-shot flashing willow tail to red crossette (27s)"
728;"wh17-q";"cndl 1.75"" 8-shot silver tail (27s)"
729;"wh1rt01";"ck fan 9s 1- row silver strobe mines"
730;"wh1rt02";"ck fan 9s 1- row red mines"
731;"wh1rt03";"ck fan 9s 1- row green mines"
732;"wh1rt04";"ck fan 9s 1- row blue mines"
733;"wh1rt05";"ck fan 9s 1- row golden strobe mines"
734;"wh1rt06";"ck fan 9s 1- row butterfly to blue peony"
735;"wh1rt07";"ck fan 9s 1- row orange tail to orange peony w/orange mine"
736;"wh1rt08";"ck fan 9s 1- row lemon tail to lemon peony w/lemon mine"
737;"wh1rt09";"ck fan 9s 1- row seablue tail to seablue peony w/seablue mine"
738;"wh1rt10";"ck C 9s 1- row (wipe M-to-L&R) red strb tail w/green strb mine"
739;"wh1rt11";"ck C 9s 1- row (wipe M-to-L&R) silver comet w/magenta mine"
740;"wh1rt12";"ck C 9s 1- row (wipe M-to-L&R) gold comet w/blue mine"
741;"wh1s01";"cndl 2"" 1-shot orange comet (star) w/large aqua stars mine"
742;"wh1s02";"cndl 2"" 1-shot green comet (star) w/large lemon stars mine"
743;"wh1s03";"cndl 2"" 1-shot red comet (star) w/large silver glitter stars mine"
744;"wh1s04";"cndl 2"" 1-shot peach (magenta) comet (star) w/large wht gltr stars mine"
745;"wh1s05";"cndl 2"" 1-shot mine, white stars"
746;"wh1s06";"cndl 2"" 1-shot mine, blue stars"
747;"wh1s07";"cndl 2"" 1-shot mine, mixed orange & aqua stars"
748;"wh1s08";"cndl 2"" 1-shot mine, mixed lemon & green stars"
749;"wh1s09";"cndl 2"" 1-shot mine, red strobe stars"
750;"wh1s10";"cndl 2"" 1-shot mine, white strobe stars"
751;"wh1s11";"cndl 2"" 1-shot mine, fresh color (magenta, lemon, org, aqua) stars"
752;"wh1s12";"cndl 2"" 1-shot red tiger tail"
753;"wh1s13";"cndl 2"" 1-shot green tiger tail"
754;"wh1s14";"cndl 2"" 1-shot yellow tiger tail"
755;"wh1s15";"cndl 2"" 1-shot orange tiger tail"
756;"wh1s17";"cndl 2"" 1-shot silver strobe tiger tail"
757;"wh1s18";"cndl 2"" 1-shot red strobe tiger tail"
758;"wh1s19";"cndl 2"" 1-shot green strobe tiger tail"
759;"wh1s20";"cndl 2"" 1-shot titanium crackling tail"
760;"wh1s21";"cndl 2"" 1-shot whistles w/red mine"
761;"wh1s22";"cndl 2"" 1-shot gold strobe tail"
762;"wh1sp01";"cndl 1.2"" 1-shot red tail"
763;"wh1sp02";"cndl 1.2"" 1-shot red strobe tail"
764;"wh1sp03";"cndl 1.2"" 1-shot silver tail"
765;"wh1sp04";"cndl 1.2"" 1-shot gold strobe tail"
766;"wh1sp05";"cndl 1.2"" 1-shot titantium crackling tail"
767;"wh1sp06";"cndl 1.2"" 1-shot mine blood red stars"
768;"wh1sp07";"cndl 1.2"" 1-shot mine crackling stars"
769;"wh1sp08";"cndl 1.2"" 1-shot mine white stars"
770;"wh1sp09";"cndl 1.2"" 1-shot mine blue stars"
771;"wh24-q";"ck C 66s colorful stars (18s)"
772;"wh3n01";"3"" peach (magenta) w/6 whistles cylinder"
773;"wh3t01";"3"" salute, ti, shell of shells cylinder"
774;"wh3t02";"3"" mine, whistles"
775;"wh3t03";"3"" pink & green wave chrys"
776;"wh3t04";"3"" red strobing willow"
777;"wh4n01";"4"" blood red w/silver strobe"
778;"wh4n02";"4"" red strobe willow (wh4t05)"
779;"wh4t01";"4"" purple peony w/6 crackers & salutes"
780;"wh4t02";"4"" spinner flower ring & red crossette ring"
781;"wh4t03";"4"" brocade crown"
782;"wh4t04";"4"" brocade crown w/tail"
783;"wh4t06";"4"" silver crown"
784;"wh4t07";"4"" three red swordsmen (gold to red octagonal chrys)"
785;"wh50-100q";"ck W 100s red,grn,yel falling lvs & blue pearl w/color tails (26s)"
786;"wh52-50";"ck fan 50s silver strobe w/silver coco pistil w/silver tails (24s)"
787;"wh53-100q";"ck S 100s fresh color comets w/silver glitter mines (20s)"
788;"wh58-150";"ck fan 150s color flashing tails (30s)"
789;"wh5n01";"5"" jellyfish"
790;"wh5t01";"5"" color falling leaves"
791;"wh5t02";"5"" red strobe willow"
792;"wh5t03";"5"" three red swordsmen (gold to red octagonal chrys)"
793;"wh60-198";"ck IVW 198s ""show in a box"" mixed effects (3 min)"
794;"wh6n01";"6"" blossoming leaves"
795;"wh6n02";"6"" silver to red lantern (wh6t05)"
796;"wh6t01";"6"" crackling pistil to multicolor peony shell of shells"
797;"wh6t02";"6"" hundreds of flowers in bloom (shell of shells)"
798;"wh6t03";"6"" octangonal chrys"
799;"wh6t04";"6"" purple to dark to silver"
800;"wh8n01";"8"" red strobe willow w/crackling pistil"
801;"wh8s01";"cndl 1.75"" 8-shot green tiger tail (27s)"
802;"wh8s02";"cndl 1.75"" 8-shot red tiger tail (27s)"
803;"wh8s03";"cndl 1.75"" 8-shot brocade tiger tail (27s)"
804;"wh8s04";"cndl 1.75"" 8-shot ti crackling tiger tail (27s)"
805;"wh8s05";"cndl 1.75"" 8-shot red strobe tiger tail (27s)"
806;"wh8s06";"cndl 1.75"" 8-shot white strobe tiger tail (27s)"
807;"wh8s07";"cndl 1.75"" 8-shot gold strobe tiger tail (27s)"
808;"wh8s08";"cndl 1.75"" 8-shot red star w/white glitter tail (27s)"
809;"wh8s09";"cndl 1.75"" 8-shot green star w/white glitter tail (27s)"
810;"wh8s10";"cndl 1.75"" 8-shot color (rainbow) stars (27s)"
811;"wh8s11";"cndl 1.75"" 8-shot whistles w/red mine (27s)"
812;"wh8s12";"cndl 1.75"" 8-shot silver strobe tiger tail (27s)"
813;"wh8st01";"cndl 1.75"" 8-shot red crossette w/brocade mine (27s)"
814;"wh8st02";"cndl 1.75"" 8-shot green crossette w/brocade to purple mine (27s)"
815;"whckt01";"ck 100s gold,red,green,purple,brocade tail to same clr peony"
816;"whnck01";"ck 100s quick silver whistles to thunder (6s)"
817;"whnck02";"ck 100s quick silver whistles to red stars (6s)"
818;"whnck03";"ck 100s quick silver whistles to crackling (6s)"
819;"whnck04";"ck 49s red comets to blood red dahlia w/white strobe pist-16s"
820;"whnck05";"ck 49s red comets to red strobe willow w/blue peony(30s)"
821;"whnck06";"ck 49s green comets to green strobe willow w/purple peony(14s)"
822;"whnck07";"ck fan 10s 1- row red strobe tail to green tips"
823;"whnck08";"ck 100s blood red dahlia, blue & white strobe mines (30s)"
824;"whnck09";"ck 100s brocade crown w/brocade crown mines  (30s)"
825;"whnck10";"ck S 100s peach, lemon & water green mines-20sec"
826;"whnck11";"ck S 100s rd/grn comets to rd/grn falling leaves w/blue stars-20s"
827;"wq1";"cndl 1/2"" 8-shot bundle of 15 (120 shots) multicolor stars"
828;"wq1-Rnd";"cndl 1/2"" 8-shot bundle of 15 (120 shots) multicolor stars"
829;"wq11";"cndl 1/2"" 10-shot bundle of 15 (150 shots) red & green crackling stars"
830;"wq12";"cndl 1/2"" 10-shot bundle of 15 (150 shots) silver tails to red & green"
831;"wq13";"ck 100s brocade tail to big brocade to multicolor (40 sec)"
832;"wq15";"ck S 180s double purple & green crossettes (10 sec)"
833;"wq16";"ck 100s wht gltrng mine to red tl to blood red dahlia w/wht gltr pist (40s)"
834;"wq19";"ck S 180s double red & green time rain willow (20 sec)"
835;"wq2-v";"cndl 1/2"" 8-shot bundle of 30 (240 shots V-shape) multicolor crackling tls"
836;"wq20";"ck fan 100s silver whirl to silver chrys (30 sec)"
837;"wq21";"ck fan 100s gold tl to bl & sil fish w/bl & sil fish mines (17 sec)"
838;"wq3-v";"cndl 1/2"" 8-shot bundle of 30 (240 shots V-shape) big silver glittering tls"
839;"wq4-Rnd";"cndl 1/2"" 8-shot bundle of 14 (112 shots) 1/2 gold comet & 1/2 mc stars"
840;"wq5";"cndl 1/2"" 8-shot bundle of 15 (120 shots) red strobe tail to blue stars"
841;"wq6";"cndl 1/2"" 10-shot bundle of 12 (120 shots) crackling tails"
842;"wq7";"cndl 1/2"" 8-shot bundle of 15 (120 shots) gold glittering tl to green glitter"
843;"wq8";"cndl 1/2"" 8-shot bundle of 15 (120 shots) gold willow tl to red & blue"
844;"wq9";"cndl 1/2"" 8-shot bundle of 30 (240 shots) brocade tail & blue stars"
845;"yf10c06";"10"" multicolor palm tree w/crown flowers w/4 strobe tails"
846;"yf10c08";"10"" nishiki kamuro niagra falls w/gold strobe tails 131-140"
847;"yf10e01";"10"" crackling nishiki kamuro niagra falls w/4 tails 141-150"
848;"yf10e06";"10"" nishiki kamuro peony w/purple pstl in purple ring w/4 strobe tails"
849;"yf10k";"10"" glittering silver purple chrys w/ green pistil"
850;"yf10k01";"10"" gold coconut"
851;"yf10k02";"10"" crackling coconut"
852;"yf10k05";"10"" gold strobing diadem"
853;"yf10k06";"10"" gold strobing diadem w/green strobing pistil"
854;"yf10k07";"10"" gold strobing diadem w/red strobing pistil"
855;"yf10k100";"10"" colorful ti salutes  910"
856;"yf10k101";"10"" blue peony in nishiki kamuro circle w/crcklng doubl pist w/4 tails"
857;"yf10k102";"10"" blue to red to silver peony w/bright white strobing pistil w/4 red tails"
858;"yf10k103";"10"" glittering silver to red crossette w/red strob pistil w/4 silver tls"
859;"yf10k104";"10"" gold coconut crossette to multicolor small flowers w/4 red tails"
860;"yf10k105";"10"" gold strobing diadem w/grn strob tips w/grn strob pist w/4 grn tails"
861;"yf10k106";"10"" goldwave to purple chrys w/4 purple tails"
862;"yf10k107";"10"" goldwave to red to green chrys w/4 red tails"
863;"yf10k108";"10"" green coconut crossette w/white strobing pistil w/4 green tails"
864;"yf10k109";"10"" japanese dragon's eye w/4 silver tails"
865;"yf10k110";"10"" multicolor coconut crossette w/4 silver tails"
866;"yf10k111";"10"" multicolor thousand circle chrys w/4 gold strobe tails"
867;"yf10k112";"10"" nishiki kamuro peony in grn strobe circle w/grn strb pist w/4 grn tls"
868;"yf10k113";"10"" red cycas blooms w/blue crossette pistil w/4 red tails"
869;"yf10k114";"10"" red gam to cracklng chrys w/crcklng double pist w/4 crcklng tails"
870;"yf10k115";"10"" red peony w/silver palm tree pistil w/4 red tails"
871;"yf10k116";"10"" red to blue peony w/large white strobe pistil w/4 silver tails"
872;"yf10k12";"10"" gold willow thousand circle chrys"
873;"yf10k13";"10"" crackling coconut to green crown flowers"
874;"yf10k18";"10"" green coconut crossette w/red small flowers"
875;"yf10k19";"10"" gold coconut crossette"
876;"yf10k21";"10"" gold willow w/mulitcolor falling leaves pistil"
877;"yf10k22";"10"" gold willow w/multicolor meteors pistil"
878;"yf10k29";"10"" glittering silver to gold chrys"
879;"yf10k31";"10"" goldwave to blue chrys w/red & green pistil"
880;"yf10k32";"10"" glittering silver to red chrys"
881;"yf10k36";"10"" glittering silver to cracking chrys w/crackling pistil"
882;"yf10k37";"10"" glittering silver to blue to red chrys w/ red pistil"
883;"yf10k41";"10"" red strobing nishiki kamuro w/red strobing pistil 872"
884;"yf10k45";"10"" nishiki kamuro to crackling flowers"
885;"yf10k50";"10"" red strobing nishiki kamuro w/green strobing pistil"
886;"yf10k52";"10"" kamuro chrys w/gold willow pistil"
887;"yf10k54";"10"" crackling kamuro chrys w/gold strobing pistil"
888;"yf10k55";"10"" kamuro chrys to red strobing w/white strobing pistil"
889;"yf10k58";"10"" red gamboge to blue to red strobing peony"
890;"yf10k59";"10"" red gamboge to blue to red to silver w/red pistil"
891;"yf10k61";"10"" red gamboge to silver to green to crackling w/crackling pistil"
892;"yf10k64";"10"" red cycas blooms"
893;"yf10k67";"10"" blue crackling"
894;"yf10k68";"10"" blue crackling w/crackling pistil"
895;"yf10k70";"10"" kamuro chrys crackling w/crackling pistil"
896;"yf10k72";"10"" red chrys crackling w/crackling pistil"
897;"yf10k74";"10"" red crackling w/double crackling pistil"
898;"yf10k75";"10"" blue small flowers"
899;"yf10k77";"10"" green small falling leaves bouquet"
900;"yf10k83";"10"" blue to red to silver peony"
901;"yf10k84";"10"" strobing to red to green peony w/red to blue pistil"
902;"yf10k85";"10"" lemon peony w/magenta circle w/crackling pistil"
903;"yf10k86";"10"" magenta to aqua to gold strobing peony w/muticolor small flowers"
904;"yf10k88";"10"" orange to lemon to magenta peony w/crackling pistil"
905;"yf10k91";"10"" blue eddy chrys w/red pistil"
906;"yf10k92";"10"" double palm tree w/red to strobing pistil"
907;"yf10k93";"10"" blue eddy chrys w/gold strobing pistil"
908;"yf10k94";"10"" double palm tree w/red pistil"
909;"yf10k95";"10"" double palm tree w/green pistil"
910;"yf10k96";"10"" double palm tree w/aqua pistil"
911;"yf10k98";"10"" three pistils (grn,red,gold strob) in nishki kamuro circle w/4 wht tls"
912;"yf10m01";"10"" gold willow"
913;"yf10m02";"10"" white strobing nishiki kamuro w/red strobing pistil 871"
914;"yf10m03";"10"" goldwave to var (multicolor) swimming w/crackling pistil"
915;"yf10m04";"10"" red to blue peony w/golden palm tree w/strobing pistil"
916;"yf10p02";"10"" goldwave to crackling to purple w/green & blue pistil 873-883"
917;"yf10p03";"10"" multicolor meteor 887"
918;"yf10p07";"10"" three pistils - blue to green & red 893"
919;"yf10p08";"10"" three pistils - blue & magenta & lemon 893-894"
920;"yf10p09";"10"" three pistils - magenta & lemon strobing 895"
921;"yf10p10";"10"" glittering silver to crackling to green w.red & purple pisitl 896-907"
922;"yf10p12";"10"" willow & moon in shower - 908"
923;"yf10p13";"10"" glittering silver to multicolor strobing chrys  889 908"
924;"yf10pc1";"10"" eight hearts blue & red-884-886 & 887"
925;"yf10t01";"10"" gold willow ten thousand circle chrys"
926;"yf10t02";"10"" goldwave to purple swimming w/crackling pistil"
927;"yf10t03";"10"" goldwave to blue swimming w/crackling pistil"
928;"yf10t04";"10"" glittering silver to green to red"
929;"yf10t05";"10"" silver crown w/orange strobe pistil"
930;"yf10t06";"10"" glittering silver to purple w/green strrobe pistil"
931;"yf10t07";"10"" red gam to blue to red chrys w/gold coco & red pistil"
932;"yf10t08";"10"" red gam to blue w/dojuble palm trees & green pisitl"
933;"yf10t09";"10"" red strobe willow"
934;"yf10t10";"10"" red strobe nishiki kamuro w/green strobe pistil"
935;"yf10t11";"10"" 1/4 peony w/crackling pisitl"
936;"yf10t12";"10"" blue and red double mum"
937;"yf10t14";"10"" nishiki kamuro w/strobing pistil"
938;"yf10t15";"10"" nishiki kamuro to red strobe w/white strobe pistil"
939;"yf10t16";"10"" nishiki kamuro to red strobe w/red strobe pistil"
940;"yf10t17";"10"" nishiki kamuro to white strobe w/white strobe pistil"
941;"yf10t18";"10"" nishiki kamuro to purple strobe w/purple strobe pistil"
942;"yf10t19";"10"" nishiki kamuro niagra falls w/green pistil"
943;"yf10t20";"10"" multicolor ten thousand circles chrys w/tail"
944;"yf10t21";"10"" multicolor palm tree to crown flowers"
945;"yf10t22";"10"" light green and silver double mum"
946;"yf10t23";"10"" light green peony w/gold coconut & magenta pistil"
947;"yf10t24";"10"" light green, yellow green, & pink 3-stage ten thous circles"
948;"yf10t25";"10"" kamuro chrys niagra falls w/smile face"
949;"yf10t26";"10"" spangle chrys w/multicolor small flowers w/green pistil"
950;"yf10t27";"10"" purple ten thousand circles chrys"
951;"yf10t28";"10"" white strobe ten thousand circles chrys w/tail"
952;"yf10t30";"10"" red peony w/brocade crown ring"
953;"yf25assorta";"2.5"" assortment A yung feng 4 ea of 25 w/large red tail & 2 fuses"
954;"yf25b03";"2.5"" comet red strobing"
955;"yf25b05";"2.5"" comet green strobing"
956;"yf25e01";"2.5"" mine red strobing"
957;"yf25e02";"2.5"" mine green strobing"
958;"yf25e03";"2.5"" mine white strobing"
959;"yf25e05";"2.5"" mine nishiki kamuro niagra falls"
960;"yf25e08";"2.5"" mine glittering silver to green"
961;"yf25e09";"2.5"" mine glittering silver to blue"
962;"yf25e10";"2.5"" mine glittering silver to purple"
963;"yf25e11";"2.5"" comet white strobing"
964;"yf25e12";"2.5"" comet yellow strobing"
965;"yf25e13";"2.5"" comet nishiki kamuro"
966;"yf25k01";"2.5"" nishiki kamuro niagra falls"
967;"yf25k02";"2.5"" comet purple strobing"
968;"yf25n01";"2.5"" crackling nishiki kamuro niagra falls"
969;"yf25t01";"2.5"" reddish gamboge to blue chrys"
970;"yf25t09";"2.5"" red gamboge to crackling chrys"
971;"yf25t10";"2.5"" goldwave to purple chrys"
972;"yf3a05";"3"" nishiki kamuro niagra falls 237-240"
973;"yf3asrtc1";"3"" assortment C1 yung feng 2 ea of 36, w/2 fuses"
974;"yf3assT";"3"" assortment T yung feng 2 ea of 36, w/2 fuses"
975;"yf3b03";"3"" comet red strobing 224-227 1-4"
976;"yf3c01";"3"" comet white strobing 211"
977;"yf3c32";"3"" crackling nishiki kamuro niagra falls 12-21"
978;"yf3d03";"3"" comet nishiki kamuro"
979;"yf3d04";"3"" comet multicolor strobing 8-11"
980;"yf3d06";"3"" chain 10 crackling nishiki kamuro niagra falls"
981;"yf3e01";"3"" comet green strobing 251-254 5-7"
982;"yf3e02";"3"" mine multicolor strobing"
983;"yf3k06";"3"" crackling nishiki kamuro w/crackling pistil"
984;"yf3k07";"3"" nishiki kamuro to crackling flowers"
985;"yf3k08";"3"" chain 10 nishiki kamuro niagra falls"
986;"yf3m05";"3"" crackling coconut 258"
987;"yf3n01";"3"" gold willow"
988;"yf3p01";"3"" multicolor (variegated) dahlia 212-213"
989;"yf3p14";"3"" comet golden strobing tiger tail 232-235"
990;"yf4a05";"4"" nishiki kamuro niagra falls 22-31"
991;"yf4a26";"4"" crackling nishiki kamuro niagra falls 32-36"
992;"yf4asrtc1";"4"" assortment C1 yungfeng (fancy) 1 ea of 36 w/2 fuses"
993;"yf4assT";"4"" assortment T yungfeng (fancy) 1 ea of 36 w/2 fuses"
994;"yf4b03";"4"" chain 8 nishiki kamuro niagra falls"
995;"yf4b04";"4"" chain 8 crackling nishiki kamuro niagra falls"
996;"yf4c03";"4"" mine lemon"
997;"yf4c04";"4"" mine green"
998;"yf4c06";"4"" mine purple"
999;"yf4c36";"4"" multicolor dahlia"
1000;"yf4e01";"4"" mine goldwave to green"
1001;"yf4e03";"4"" mine white strobing"
1002;"yf4e04";"4"" mine red strobing"
1003;"yf4e05";"4"" mine multicolor strobing"
1004;"yf4e23";"4"" multicolor strobing willow"
1005;"yf4k11";"4"" multicolor peony 360"
1006;"yf4m07";"4"" green chrys w/crackling"
1007;"yf4n01";"4"" gold willow"
1008;"yf4p06";"4"" gold strobing silk to aqua 352"
1009;"yf4p08";"4"" blue crackling w/double crackling pisitil 354-356"
1010;"yf4p12";"4"" red cycas blooms (cherry blossom)"
1011;"yf4p19";"4"" comet - crackling 373-376"
1012;"yf4p21";"4"" aqua ghost 379"
1013;"yf4p26";"4"" glittering silver to yellow to golden chrys 385"
1014;"yf4t25";"4"" glittering silver to green chrys"
1015;"yf4t27";"4"" glittering silver to purple chrys"
1016;"yf4t30";"4"" mine goldwave to blue swimming"
1017;"yf4t31";"4"" goldwave to red swimming"
1018;"yf4t33";"4"" multicolor crackling kamuro chrys"
1019;"yf541";"5"" green coconut crossette"
1020;"yf5a04";"5"" gold willow 508-510 542-543"
1021;"yf5a20";"5"" crcklng thousand circle chrys w/crcklng pistil 479"
1022;"yf5a46";"5"" nishiki kamuro niagra falls (yf5t23)"
1023;"yf5a50";"5"" gold willow w/green falling leaves"
1024;"yf5asrtc1";"5"" assortment C1 (fancy), yung feng, 1 ea of 24 w/2 fuses"
1025;"yf5asrtc2";"5"" assortment C2 (fancy), yung feng, 1 ea of 24 w/2 fuses"
1026;"yf5assorta";"5"" assortment A yf 1 ea of 24 w/ long fuse & short fuse w/emc"
1027;"yf5assortb";"5"" assortment B yf 1 ea of 24 w/long fuse & short fuse w/emc"
1028;"yf5assT";"5"" assortment T (fancy), yung feng, 1 ea of 24 w/2 fuses"
1029;"yf5b01";"5"" gold willow w/multicolor falling leaves"
1030;"yf5b04";"5"" japanese dragon's eye"
1031;"yf5d05";"5"" mine nishiki kamuro niagra falls"
1032;"yf5e06";"5"" nishiki kam peony w/purple pist w/purple tips"
1033;"yf5e07";"5"" nishiki kam peony w/green crcklng pist w/green tips"
1034;"yf5k02";"5"" goldwave to silver crossette w/tail"
1035;"yf5k09";"5"" silver coconut crossette"
1036;"yf5k16";"5"" blue thousand circle chrys w/tail"
1037;"yf5k23";"5"" red gamboge to crcklng chrys w/double crcklng pistil 526-527"
1038;"yf5k28";"5"" yellow cycas blooms"
1039;"yf5k30";"5"" gold willow w/red falling leaves pistil 552"
1040;"yf5k31";"5"" gold coconut to multicolor small flowers 573"
1041;"yf5k33";"5"" green to purple peony 549"
1042;"yf5k35";"5"" aqua peony w/gold strobing pistil"
1043;"yf5k42";"5"" double palm tree w/green pistil"
1044;"yf5k48";"5"" white ghost peony"
1045;"yf5k49";"5"" purple ghost peony w/green pistil"
1046;"yf5k53a";"5"" blue crackling w/double crackling pistil 491"
1047;"yf5k55";"5"" lemon crackling w/crackling pistil 551"
1048;"yf5k56";"5"" yellow crackling w/double crackling pistil"
1049;"yf5k57";"5"" orange crackling w/crackling pistil"
1050;"yf5k58";"5"" multicolor falling leaves bouquet"
1051;"yf5k71";"5"" crackling nishiki kamuro niagra falls 55-59"
1052;"yf5k72";"5"" cube pattern"
1053;"yf5k77";"5"" red cycas w/gold crackling crossette pistil"
1054;"yf5k78";"5"" green strobing and orange strobing dahlia (mixed)"
1055;"yf5m03";"5"" goldwave to blue crossette w/crackling pistil 493-495"
1056;"yf5m04";"5"" green strobing willow"
1057;"yf5m05";"5"" purple strobing willow"
1058;"yf5m06";"5"" red strobing willow"
1059;"yf5m07";"5"" strobing silver willow w/red small flowers"
1060;"yf5m08";"5"" gold strobing cycas blooms"
1061;"yf5m11";"5"" 1/4 red, green, blue, yellow peony w/crossing nishiki kamuro circle"
1062;"yf5p01";"5"" red & green ghost peony 60-62"
1063;"yf5p02";"5"" 1/4 red,green,purple,yellow peony w/crackling pistil 455"
1064;"yf5p03";"5"" multicolor (variegated) dahlia 456"
1065;"yf5p04";"5"" multicolor (variegated) flower sheets w/rising tail 457"
1066;"yf5p05";"5"" 1/2 green & 1/2 red peony w/nishiki kamuro circle 458-460"
1067;"yf5p06";"5"" 1/2 purple & 1/2 aqua peony w/nishiki kamuro circle-461-463 488-489"
1068;"yf5p10";"5"" red to blue peony"
1069;"yf5p100";"5"" goldwave to multicolor swimming w/crackling pistil"
1070;"yf5p12";"5"" red to silver peony w/green pistil w/rising tail"
1071;"yf5p14";"5"" yellow strobing peony 467"
1072;"yf5p18";"5"" gold coconut w/rising blue small flowers 471 579"
1073;"yf5p20";"5"" red gamboge to red chrys w/green pistil"
1074;"yf5p22";"5"" red gamboge to green to red chrys w/red pistil"
1075;"yf5p23";"5"" crackling flowers in green circle 475"
1076;"yf5p24";"5"" green crossette w/crackling pistil 477"
1077;"yf5p25";"5"" green, purple, crackling palm tree 478"
1078;"yf5p26";"5"" crackling crossette 478"
1079;"yf5p35";"5"" purple nishiki kamuro w/lemon pistil"
1080;"yf5p36";"5"" purple crackling w/crackling pistil"
1081;"yf5p37";"5"" purple to silver thousand circle chrys 487"
1082;"yf5p39";"5"" red strobing nishiki kamuro w/red strobing pistil 496-500"
1083;"yf5p40";"5"" white strobing nishiki kamuro w/white strobing pistil 501-505"
1084;"yf5p41";"5"" purple willow 506"
1085;"yf5p42";"5"" gold coconut 511-512"
1086;"yf5p43";"5"" silver titanium salutes w/red strobing pistil 513-515"
1087;"yf5p44";"5"" red willow 516-517"
1088;"yf5p45";"5"" silver coconut 519-520"
1089;"yf5p46";"5"" goldwave to yellow crossette w/crackling pistil 521-523"
1090;"yf5p47";"5"" gold strobing lemon cycas w/rising tail 524-525"
1091;"yf5p48";"5"" square in circle 528"
1092;"yf5p49";"5"" kamuro chrys niagra falls"
1093;"yf5p50";"5"" purple flowers in purple circle 533"
1094;"yf5p52";"5"" mixed color cycas (orange, aqua & blue) 535"
1095;"yf5p53";"5"" glittering silver to yellow chrys"
1096;"yf5p55";"5"" gold coconut w/green crown flowers 568 538"
1097;"yf5p57";"5"" goldwave to chartreuse crossette w/crackling pistil 540"
1098;"yf5p58";"5"" white falling leaves"
1099;"yf5p59";"5"" orange palm tree"
1100;"yf5p60";"5"" blue cube 546"
1101;"yf5p61";"5"" glittering silver to green to red chrys"
1102;"yf5p62";"5"" gold coconut w/green falling leaves bouquet 548"
1103;"yf5p63";"5"" magenta to aqua strobing peony w/var small flowers"
1104;"yf5p64";"5"" glittering silver to golden to orange chrys 553"
1105;"yf5p65";"5"" magenta crossette"
1106;"yf5p67";"5"" green chrys w/crackling balls"
1107;"yf5p68";"5"" gold strobing cycas"
1108;"yf5p69";"5"" red saturn w/glittering silver to blue to green circle 558"
1109;"yf5p70";"5"" purple ghost"
1110;"yf5p72";"5"" orange strobing circle w/titanium salute"
1111;"yf5p76";"5"" purple plum w/pistil 564"
1112;"yf5p77";"5"" glittering silver to aqua to lemon chrys 565"
1113;"yf5p78";"5"" blue to green to crackling ghost 566"
1114;"yf5p80";"5"" silver coconut to crossette"
1115;"yf5p82";"5"" red to green to blue peony 569"
1116;"yf5p84";"5"" red gamboge to green to purple chrys w/silver pistil 570"
1117;"yf5p89";"5"" blue to green to red peony w/strobing pistil 575"
1118;"yf5p95";"5"" gold strobing silk to red strobing w/red strobing pist 580"
1119;"yf5p96";"5"" aqua peony w/strobing pisitl 580"
1120;"yf5p97";"5"" glittering silver to grn to red chrys w/five flash rpt"
1121;"yf5p99";"5"" glittering silver to green to blue chrys w/red pistil"
1122;"yf5pc2";"5"" green cycas blooms 570"
1123;"yf5t11";"5"" goldwave to green swimming"
1124;"yf5t16";"5"" red cherry blossom"
1125;"yf5t19";"5"" double red crackling hearts"
1126;"yf5t22";"5"" yellow crackling ghost peony"
1127;"yf5t27";"5"" crcklng thousand circle chrys w/double crcklng pistil"
1128;"yf5t29";"5"" double purple to nishiki kamuro niagra falls ring"
1129;"yf5t42";"5"" goldwave to crackling crossette"
1130;"yf5t47";"5"" purple titanium salute flowers"
1131;"yf5t48";"5"" double palm tree w/purple pistil"
1132;"yf5t49";"5"" glittering silver to blue to red to strobe w/white strb pist"
1133;"yf5t50";"5"" nishiki kamuro to red strobe w/red strobe pistil"
1134;"yf5t51";"5"" nishiki kamuro to white strobe w/white strobe pistil"
1135;"yf5t52";"5"" double palm tree w/green pistil"
1136;"yf5t53";"5"" golden coconut to multicolor small flowers"
1137;"yf631";"6"" gold coconut crossette w/green strobing pistil"
1138;"yf67";"6"" green falling leaves bouquet"
1139;"yf6a08";"6"" multicolor dahlia w/spangle pist 757"
1140;"yf6a43";"6"" nishiki kamuro niagra falls 66"
1141;"yf6asrtc1";"6"" assort C1 yung feng (fancy) 1 ea 12  w/2 fuses"
1142;"yf6asrtc2";"6"" assort C2 yung feng (fancy) 1 ea 12  w/2 fuses"
1143;"yf6asrtc3";"6"" assort C3 yung feng (fancy) 1 ea 12  w/2 fuses"
1144;"yf6assorta";"6"" assort A yung feng (fancy) 1 ea 12  w/2 fuses"
1145;"yf6assortb";"6"" assort B yung feng (fancy) 1 ea 12 w/2 fuses"
1146;"yf6assT1";"6"" assort T1 yung feng (fancy) 1 ea 12  w/2 fuses"
1147;"yf6assT2";"6"" assort T2 yung feng (fancy) 1 ea 12  w/2 fuses"
1148;"yf6assT3";"6"" assort T3 yung feng (fancy) 1 ea 12  w/2 fuses"
1149;"yf6b08";"6"" mine red gamboge to multicolor swimming"
1150;"yf6b09";"6"" japanese dragons eye"
1151;"yf6d01";"6"" green ghost peony w/ bright red pistil"
1152;"yf6d04";"6"" red ghost peony w/ silver pistil"
1153;"yf6d05";"6"" gold willow"
1154;"yf6e03";"6"" multicolor thousand circles in mc circle"
1155;"yf6e04";"6"" nishiki kamuro peony w / green & spangle pistil 740"
1156;"yf6e05";"6"" nishiki kamuro peony w/purple & spangle pistil"
1157;"yf6k05";"6"" goldwave to multicolor crossette w/crackling pistil"
1158;"yf6k06";"6"" goldwave to purple crossette w/crackling pistil 646 651"
1159;"yf6k08";"6"" aqua peony w/strobing gold pistil"
1160;"yf6k09";"6"" gold coconut to purple crown flowers 681"
1161;"yf6k100";"6"" white ghost peony"
1162;"yf6k101";"6"" yellow ghost peony w/green pistil"
1163;"yf6k102";"6"" blue to green peony w/red to silver pistil"
1164;"yf6k104";"6"" aqua ghost peony w/red pistil"
1165;"yf6k105";"6"" aqua ghost peony w/lemon pistil"
1166;"yf6k109";"6"" revolving dragons w/ flowers 667"
1167;"yf6k110";"6"" strobing palm tree"
1168;"yf6k111";"6"" red palm tree w/green pistil"
1169;"yf6k112";"6"" blue to red to golden peony"
1170;"yf6k113";"6"" blue to crackling palm tree w/crackling pistil 696"
1171;"yf6k114";"6"" double palm tree w/green pistil 664-666"
1172;"yf6k115";"6"" white strobing falling leaves"
1173;"yf6k122";"6"" colorful ti salutes"
1174;"yf6k123";"6"" small ti salute flowers bouquet"
1175;"yf6k126";"6"" crackling crossette w/crackling pistil"
1176;"yf6k127";"6"" crackling nishiki kamuro niagra falls 73-77"
1177;"yf6k129";"6"" goldwave to red butterfly w/green or sliver circle 642"
1178;"yf6k131";"6"" multicolor peony w/silver palm tree pistil"
1179;"yf6k132";"6"" red gamboge to crackling chyrs w/stobing & crackling pistil 758"
1180;"yf6k133";"6"" multicolor dahlia w/white strobing pistil"
1181;"yf6k136";"6"" red peony w/bright white crossette pistil"
1182;"yf6k137";"6"" red to green peony w/green to red pistil"
1183;"yf6k19";"6"" red gamboge to green strobing w/orange strobing pistil"
1184;"yf6k27";"6"" multicolor flower sheets"
1185;"yf6k32";"6"" green strobing thousand circle chrys"
1186;"yf6k34";"6"" gold strobing thousand circle chrys"
1187;"yf6k35";"6"" crackling thousand circle chrys w/double crackling pistil 738"
1188;"yf6k36";"6"" small green flowers bouquet"
1189;"yf6k38";"6"" small blue to silver flowers bouquet"
1190;"yf6k47";"6"" red cycas blooms 715"
1191;"yf6k51";"6"" green strobing coconut 737"
1192;"yf6k53";"6"" multicolor crackling small flowers"
1193;"yf6k54";"6"" multicolor crackling w/double crackling pistil"
1194;"yf6k56";"6"" green crackling w/double crackling pistil"
1195;"yf6k58";"6"" orange crackling w/crackling pistil 638"
1196;"yf6k59";"6"" aqua crackling w/double crackling pistil 708"
1197;"yf6k61";"6"" strobing crackling w/blue crackling double pistil"
1198;"yf6k68";"6"" peony w/palm tree"
1199;"yf6k69";"6"" blue peony w/strobing gold pistil"
1200;"yf6k70";"6"" green peony w/purple crossette pistil"
1201;"yf6k71";"6"" green peony w/red circle w/strobing gold pistil 651"
1202;"yf6k74";"6"" red to blue peony w/gold strobing pistil"
1203;"yf6k75";"6"" green strobing peony w/orange strobing pistil"
1204;"yf6k77";"6"" blue to strobing gold peony w/red small flowers"
1205;"yf6k79";"6"" green to red to blue peony"
1206;"yf6k80";"6"" purple to blue strobing peony"
1207;"yf6k82";"6"" red small flowers bouquet"
1208;"yf6k83";"6"" red to black to blue peony w/strobing pistil w/green circle"
1209;"yf6k84";"6"" red willow 639"
1210;"yf6k85";"6"" purple willow 663"
1211;"yf6k86";"6"" 1/2 lemon & 1/2 magenta peony w/crackling pistil"
1212;"yf6k87";"6"" silver palm tree"
1213;"yf6k88";"6"" red to green peony w/blue pistil"
1214;"yf6k90";"6"" red to green to purple peony"
1215;"yf6k91";"6"" orange strobing dahlia"
1216;"yf6k92";"6"" red gamboge to blue to red strobing chrys w/green pistil"
1217;"yf6k93";"6"" red gamboge to green to blue to golden chrys"
1218;"yf6k95";"6"" lemon dahlia w/red strobing pistil"
1219;"yf6k96";"6"" aqua dahlia w/red to strobing gold pistil"
1220;"yf6k97";"6"" lemon to pink to green dahlia w/strobing gold pistil"
1221;"yf6k98";"6"" red to green strobing peony"
1222;"yf6k99";"6"" blue ghost peony"
1223;"yf6m02";"6"" red gam to crcklng chrys w/dbl crcklng pist 656 684-687 750-751"
1224;"yf6m04";"6"" 1/4 orange, magenta, silver, purple peony"
1225;"yf6m05";"6"" 1/4 red, green, blue, lemon peony w/crackling pistil"
1226;"yf6m20";"6"" multicolor dahlia w/crackling pistil"
1227;"yf6p01";"6"" aqua to crackling ghost peony 78-81"
1228;"yf6p02";"6"" magenta jellyfish 82-85"
1229;"yf6p03";"6"" 1/4 yel, grn, blue, pur peony w/crossing circle w/crackling pistil 86-90"
1230;"yf6p04";"6"" 1/4 mag,lem,aqua,orng peony w/crossing crcl w/crcklng pistil 91-95"
1231;"yf6p05";"6"" multicolor (variegated) meteors 96-105"
1232;"yf6p06";"6"" dragonfly pattern 107 108"
1233;"yf6p07";"6"" red gam to blue to green chyrs w/goldwave to red pistil 109-112"
1234;"yf6p09";"6"" 1/2 red & 1/2 blue peony in multicolor circle 637"
1235;"yf6p10";"6"" kamuro chrys w/smile face pistil 638"
1236;"yf6p101";"6"" green eddy in chrys w/purple pistil 729"
1237;"yf6p103";"6"" magenta to aqua strobing peony w/mc small flowers 730-731"
1238;"yf6p107";"6"" glittering silver to multicolor strobing chrys 704 733"
1239;"yf6p108";"6"" glittering silver to green chrys w/purple pistil 734"
1240;"yf6p11";"6"" red peony w/silver coconut pistil 640"
1241;"yf6p110";"6"" blue to golden peony 738"
1242;"yf6p111";"6"" purple to green peony 739"
1243;"yf6p112";"6"" three circles 740"
1244;"yf6p115";"6"" blue crackling w/red pistil w/circle 742"
1245;"yf6p116";"6"" silver ghost peony w/green pistil 743"
1246;"yf6p118";"6"" glittering silver to purple chrys 746"
1247;"yf6p119";"6"" blue peony w/golden palm tree w/green pistil"
1248;"yf6p12";"6"" red strobing nishiki kamuro w/green strobing pistil 641"
1249;"yf6p120";"6"" orange palm tree 749"
1250;"yf6p121";"6"" gold dahlia 752 758"
1251;"yf6p122";"6"" aqua crackling w/purple circle w/red pistil 754"
1252;"yf6p123";"6"" glittering silver to blue to red to sil chrys w/grn pistil 759"
1253;"yf6p124";"6"" white strobing willow 755 757"
1254;"yf6p125";"6"" yellow crossette"
1255;"yf6p126";"6"" chrys in circle 759 761"
1256;"yf6p14";"6"" red saturn with blue circle 642"
1257;"yf6p15";"6"" yellow meteor 643"
1258;"yf6p19";"6"" gold coconut w/blue crown flowers"
1259;"yf6p23";"6"" gold spider 648"
1260;"yf6p24";"6"" red gamboge to silver to multicolor chrys"
1261;"yf6p25";"6"" gold kamuro chrys 650"
1262;"yf6p27";"6"" red magic peony w/green pistil 652"
1263;"yf6p28";"6"" green cycas blooms 653"
1264;"yf6p29";"6"" red gamboge to flying dragons 654"
1265;"yf6p30";"6"" aqua magic peony w/nishiki kamuro circle 655"
1266;"yf6p31";"6"" red strobing willow 657"
1267;"yf6p32";"6"" red gamboge to green to golden chrys w/red or blue pistil"
1268;"yf6p33";"6"" crackling palm tree w/crackling pistil"
1269;"yf6p34";"6"" magenta to lemon peony w/crackling pistil 660 705"
1270;"yf6p35";"6"" glittering silver to blue to red chrys w/green pistil 661"
1271;"yf6p36";"6"" silver meteors 662"
1272;"yf6p37";"6"" magenta ghost peony w/blue or lemon pistil 668 734-735"
1273;"yf6p38";"6"" glittering silver to green to red chrys w/5 reports 669"
1274;"yf6p41";"6"" glittering silver to green chrys w/red pistil 671"
1275;"yf6p42";"6"" silver dahlia w/red strobing pistil 672"
1276;"yf6p43";"6"" red to silver ghost peony w/green pistil 673-674"
1277;"yf6p44";"6"" blue to green to crackling ghost peony 676 748"
1278;"yf6p46";"6"" red to silver willow 679"
1279;"yf6p47";"6"" green coconut to crossette 683"
1280;"yf6p48";"6"" three pistils (green & blue) w/ris falling lvs 688-691 706 727"
1281;"yf6p49";"6"" lemon crackling w/crackling pistil 692-694"
1282;"yf6p50";"6"" blue to red peony w/red to silver pistil 695"
1283;"yf6p51";"6"" glittering silver to golden chrys 697"
1284;"yf6p53";"6"" red to golden peony 698"
1285;"yf6p54";"6"" glittering silver to green to red chrys w/blue pistil 699"
1286;"yf6p56";"6"" nishiki kamuro to crackling flowers 701"
1287;"yf6p58";"6"" red gamboge to red to blue chrys w/blue to green pistil 702"
1288;"yf6p60";"6"" blue eddy in chrys w/red or grn pistil 703 754-756"
1289;"yf6p63";"6"" magenta dahlia w/crackling pistil 704"
1290;"yf6p69";"6"" three pistils (red & blue to strobing) w/green circle 706"
1291;"yf6p70";"6"" three pistils (green & golden strobing) w/red circle 706"
1292;"yf6p71";"6"" glittering silver to multicolor chrys 707"
1293;"yf6p72";"6"" glittering silver to red to green chrys w/red to blue pistil 709 760"
1294;"yf6p73";"6"" red to blue thousand circles 710"
1295;"yf6p76";"6"" red gamboge to golden strobing chrys w/multicolor pistil 711"
1296;"yf6p77";"6"" red gamboge to blue to red to silver chrys w/mc strob pist 712"
1297;"yf6p79";"6"" gold willow w/blue small flowers 713"
1298;"yf6p80";"6"" three pistils red & aqua 714"
1299;"yf6p81";"6"" multicolor dahlia w/strobing pistil 714"
1300;"yf6p83";"6"" aqua peony w/red pistil 716"
1301;"yf6p87";"6"" blue cycas blooms 718"
1302;"yf6p88";"6"" blue strobing cube 719"
1303;"yf6p93";"6"" purple dahlia 722"
1304;"yf6p94";"6"" purple palm tree w/green pistil 723"
1305;"yf6p95";"6"" silver ti salutes w/red strobing pistil 724"
1306;"yf6p96";"6"" blue eddy in chyrs w/multicolor swimming pistil 724"
1307;"yf6p97";"6"" green kamuro chrys 725"
1308;"yf6p99";"6"" blue & red meteors 726"
1309;"yf6pc1";"6"" gold silk chrys to green 753"
1310;"yf6t01";"6"" goldwave to blue crossette"
1311;"yf6t03";"6"" red gamboge to flying dragons"
1312;"yf6t04";"6"" red gamboge to silver meteor w/white strobe pistil"
1313;"yf6t06";"6"" blue jellyfish"
1314;"yf6t09";"6"" nishkiki kamuro to red swimming"
1315;"yf6t10";"6"" nishkiki kamuro to multicolor swimming"
1316;"yf6t12";"6"" nishkiki kamuro to white strobe w/white strobe pistil"
1317;"yf6t13";"6"" nishkiki kamuro to red strobe w/red strobe pistil"
1318;"yf6t14";"6"" multicolor criss-cross"
1319;"yf6t15";"6"" multicolor ghost peony"
1320;"yf6t16";"6"" multicolor crackling kamuro chrys"
1321;"yf6t17";"6"" light green magic peony w/ring & red pistil"
1322;"yf6t18";"6"" multicolor meteors"
1323;"yf6t19";"6"" 1/4 peony w/strobing pistil"
1324;"yf6t21";"6"" goldwave to green swimming"
1325;"yf6t31";"6"" red falling leaves"
1326;"yf6t32";"6"" multicolor falling leaves small flowers (sos)"
1327;"yf6t33";"6"" white flying dragons"
1328;"yf6t35";"6"" whtie titanium salute small flowers (sos)"
1329;"yf6t37";"6"" half green half orange swimming"
1330;"yf6t38";"6"" half orange half blue swimming"
1331;"yf6t39";"6"" half red peony w/brocade crown ring"
1332;"yf6t43";"6"" kamuro chrys to white strobe"
1333;"yf6t45";"6"" green strobe willow"
1334;"yf6t46";"6"" double red crackling hearts"
1335;"yf6t48";"6"" blue peony w/silver palm tree & red pistil"
1336;"yf6t54";"6"" glittering silver to red chrys"
1337;"yf6t57";"6"" red gamboge to silver swimming"
1338;"yf6t58";"6"" green coconut"
1339;"yf6t59";"6"" red strobe crown"
1340;"yf6t60";"6"" green strobe crown"
1341;"yf6t61";"6"" green ghost peony w/purple pistil"
1342;"yf6t62";"6"" blue flying dragons"
1343;"yf6t63";"6"" blue to purple to yellow ghost peony"
1344;"yf6t66";"6"" purple falling leaves"
1345;"yf6t69";"6"" nishiki kamuro to green swimming"
1346;"yf6t70";"6"" kamuro chrys to white strobe w/mc swimming pistil"
1347;"yf6t72";"6"" multicolor butterfly"
1348;"yf6t74";"6"" orange titanium salute small flowers (sos)"
1349;"yf6t75";"6"" magenta to green meteors"
1350;"yf6t76";"6"" spangle chrys w/multicolor flowers w/white pistil"
1351;"yf8asrtc1";"8"" assortment YungFeng C1 (fancy), 1 ea of 4 w/2 fuses"
1352;"yf8asrtc2";"8"" assortment YungFeng C2 (fancy), 1 ea of 4 w/2 fuses"
1353;"yf8asrtc3";"8"" assortment YungFeng C3 (fancy), 1 ea of 4 w/2 fuses"
1354;"yf8asrtc4";"8"" assortment YungFeng C4 (fancy), 1 ea of 4 w/2 fuses"
1355;"yf8asrtc5";"8"" assortment YungFeng C5 (fancy), 1 ea of 4 w/2 fuses"
1356;"yf8asrtc6";"8"" assortment YungFeng C6 (fancy), 1 ea of 4 w/2 fuses"
1357;"yf8assort";"8"" assortment YungFeng A thru R (fancy), 1 ea of 4 w/2 fuses"
1358;"yf8assT1";"8"" assortment YungFeng T1 (fancy), 1 ea of 4 w/2 fuses"
1359;"yf8assT2";"8"" assortment YungFeng T2 (fancy), 1 ea of 4 w/2 fuses"
1360;"yf8assT3";"8"" assortment YungFeng T3 (fancy), 1 ea of 4 w/2 fuses"
1361;"yf8assT4";"8"" assortment YungFeng T4 (fancy), 1 ea of 4 w/2 fuses"
1362;"yf8assT5";"8"" assortment YungFeng T5 (fancy), 1 ea of 4 w/2 fuses"
1363;"yf8assT6";"8"" assortment YungFeng T6 (fancy), 1 ea of 4 w/2 fuses"
1364;"yf8c08";"8"" nishiki kamuro niagra falls 113-117"
1365;"yf8d03";"8"" lemon peony in magenta circle  w/ris flwr 810"
1366;"yf8e04";"8"" multicolor peony in nishiki kamuro circle w/4 spangle tails 784"
1367;"yf8e05";"8"" purple peony in nishiki kamuro circle w/spngle pistl w/4 purple tls"
1368;"yf8e07";"8"" multicolor coconut crossette w/4 silver tails"
1369;"yf8e10";"8"" green & golden coconut crossette w/spngl & crcklng pist w/4 spngl tls"
1370;"yf8e11";"8"" green & purple coconut crossette w/spngl & crcklng pist w/4 spngl tls"
1371;"yf8e14";"8"" mixed golden & purple peony w/4 spangle tails"
1372;"yf8e15";"8"" three pistil - green to red to gold spngle in red crcl w/4 red tails"
1373;"yf8e3p";"8"" three pistil - silver to green to red in red circle w/4 red tails"
1374;"yf8ecc";"8"" red gam to crcklng chrys w/crcklng pist w/green circle"
1375;"yf8k18";"8"" crackling thousand circle chrys w/double crackling pistil"
1376;"yf8k22";"8"" gold coconut w/ rising tail 800"
1377;"yf8k26";"8"" purple crackling w/crackling pistil"
1378;"yf8k28";"8"" yellow crackling w/crackling pistil 792"
1379;"yf8k31";"8"" purple ghost peony w/green pistil (color moves across peony)"
1380;"yf8k32";"8"" lemon ghost peony w/aqua pistil 809"
1381;"yf8k39";"8"" red crackling w/crackling pistil 825-826 788"
1382;"yf8k45";"8"" strobing (gold) crossette w/crackling pistil"
1383;"yf8k46";"8"" crackling crossette w/crackling pistil"
1384;"yf8k60";"8"" crackling nishiki kamuro niagra falls 118-122"
1385;"yf8k90";"8"" red ghost peony w/green crackling pistil"
1386;"yf8m01";"8"" gold willow w/multicolor falling leaves pistil 798"
1387;"yf8m04";"8"" 1/4 blue, red, green, yel pe w/crackling pistil w/circle 782"
1388;"yf8p01";"8"" orange crackling w/crackling pistil 123-126 785"
1389;"yf8p02";"8"" red gam to white strobing chrys w/blue to sil pist w/red pist 127-130"
1390;"yf8p03";"8"" white strobing kamuro chrys w/mc swimming pistil 782"
1391;"yf8p04";"8"" multicolor meteors 783-784"
1392;"yf8p09";"8"" red peony w/silver coconut pistil 788"
1393;"yf8p13";"8"" red eddy in chrys w/rising small flowers 791"
1394;"yf8p14";"8"" three pisitls - red & silver 791 848-850 852"
1395;"yf8p15";"8"" red to silver ghost peony w/blue pistil 791 853-854"
1396;"yf8p17";"8"" goldwave to mc flower sheets w/blue pistil 792"
1397;"yf8p19";"8"" goldwave to blue butterfly w/circle w/rising tail 793-794"
1398;"yf8p23";"8"" gold willow w/mc meteors pistil 796-797"
1399;"yf8p31";"8"" red gamboge to red rose w/rising comets 804"
1400;"yf8p318";"8"" red cycas blooms w/blue crossette w/ 4 red tails"
1401;"yf8p37";"8"" green thousand circle chrys w/red strob pist w/ris fall lvs 807"
1402;"yf8p38";"8"" green to purple to silver peony 808"
1403;"yf8p42";"8"" blue peony w/flower sheets w/blue pistil w/ris falling lvs 811"
1404;"yf8p43";"8"" blue peony w/rising small flowers 811"
1405;"yf8p44";"8"" blue cherry blossom w/rising tail 812"
1406;"yf8p46";"8"" three pistils, magenta & lemon strobing 814"
1407;"yf8p50";"8"" strobing thousand circles w/comets 816"
1408;"yf8p51";"8"" five willows 863-865 819"
1409;"yf8p52";"8"" revolving dragons w/purple pistil"
1410;"yf8p53";"8"" magenta peony w/lem cir w/strob pistils w/ris sml flwrs 821-822"
1411;"yf8p55";"8"" glittering silver to golden chrys w/rising comets 823"
1412;"yf8p58";"8"" glittering to purple to strobing chrys w/rising comets 829"
1413;"yf8p60";"8"" silver kamuro chrys w/rising small flowers 831-832"
1414;"yf8p61";"8"" silver meteors 833"
1415;"yf8p62";"8"" silver coconut w/rising tail 834"
1416;"yf8p63";"8"" purple crossette 835-836"
1417;"yf8p64";"8"" purple to green strobing peony w/red to blue pistil w/tail 834"
1418;"yf8p66";"8"" 1/2 red strob 1/2 grn strob w/goldwave to red & grn dbl pist 837"
1419;"yf8p67";"8"" colorful ti salutes 838-841"
1420;"yf8p68";"8"" eight hearts red & blue 842-846 855"
1421;"yf8p70";"8"" red strobing willow 851-852"
1422;"yf8p71";"8"" gold willow thousand circles chrys 855"
1423;"yf8p73";"8"" green & crackling ghost peony 856"
1424;"yf8p74";"8"" green strobing willow 857"
1425;"yf8p75";"8"" green chrys to crackling balls 858"
1426;"yf8p79";"8"" small ti salute flowers 861-862"
1427;"yf8p80";"8"" multicolor thousand circles chrys 866-868"
1428;"yf8p82";"8"" purple cycas blooms 870"
1429;"yf8pgw";"8"" gold willow"
1430;"yf8t03";"8"" gold willow to green willow w/green falling leaves"
1431;"yf8t04";"8"" silver nishiki kamuro"
1432;"yf8t05";"8"" silver kamuro chrys w/strobe pistil"
1433;"yf8t07";"8"" glittering silver to blue to strobe w/gold strobe pistil"
1434;"yf8t08";"8"" glittering silver to multicolor w/gold strobe pistil"
1435;"yf8t10";"8"" glittering silver to white strobe w/gold strobe pistil"
1436;"yf8t12";"8"" red gan to crackling chrys w/crackling pistil"
1437;"yf8t16";"8"" green strobe willow w/blue small flowers"
1438;"yf8t20";"8"" blue to nishiki kamuro 5-angle star pattern"
1439;"yf8t21";"8"" blue to green strobe peony w/red strobe pistil"
1440;"yf8t22";"8"" purple cycas"
1441;"yf8t23";"8"" purple 10 thousand circles"
1442;"yf8t24";"8"" multicolor 10 thousand circles"
1443;"yf8t27";"8"" nishiki kamuro w/green pistil"
1444;"yf8t28";"8"" nishiki kamuro w/red pistil"
1445;"yf8t30";"8"" nishiki kamuro w/blue pistil"
1446;"yf8t31";"8"" nishiki kamuro crackling flowers"
1447;"yf8t33";"8"" nishiki kamuro niagra falls w/purple pistil"
1448;"yf8t38";"8"" nishiki kamuro to green strobe w/green strobe pistil"
1449;"yf8t39";"8"" nishiki kamuro to white strobe w/white strobe pistil"
1450;"yf8t40";"8"" spangle chrys w/multi color small flowers"
1451;"yf8t44";"8"" light green peony w/gold palm tree & silver pistil"
1452;"yf8t45";"8"" light green peony w/gold coconut & magenta pistil w/tail"
1453;"yf8t46";"8"" crackling nishiki kamuro w/multicolor meteors pistil"
1454;"yf8t47";"8"" crackling ten thous circle chrys w/double crcklng pistils"
1455;"yf8t49";"8"" kamuro chrys to white strobe"
1456;"yf8t50";"8"" half lemon peony w/ring & purple pistil"
1457;"yf8t52";"8"" orange strobe kamuro chrys w/orange strobe pist w/tail"
1458;"yf8t53";"8"" purple & light green ten thousand circle chrys w/tail"
1459;"yf8t55";"8"" pink ten thousand circle chrys w/tail"
1460;"yf8t56";"8"" multicolor ten thousand circle chrys w/tail"
1461;"yf8t57";"8"" nishiki kamuro crackling w.crackling pistil"
1462;"yf8t58";"8"" white strobe ten thousand circle chrys"
1463;"yf8t59";"8"" green strobe ten thousand circle chrys"
1464;"yf8t60";"8"" kamuro chrys to red strobe"
1465;"yf8t61";"8"" glittering silver chrys to red"
1466;"yf8t62";"8"" gold willow to purple strobe"
1467;"yf8t63";"8"" blue titanium salute small flowers"
1468;"yf8t64";"8"" blue peony w/silver palm tree & red pistil"
1469;"yf8t65";"8"" nishiki kamuro to red swimming"
1470;"yf8t66";"8"" lemon & yellow flying dragons w/crackling pistil"
1471;"yj15";"fntn 0.5 sec silver jet - 26 ft"
1472;"yj16";"fntn 0.5 sec silver jet - 45 ft"
1473;"yj17";"fntn 2 sec special red fountain - 16 ft"
1474;"yj18b";"cndl 20mm mine, 1-shot, blue"
1475;"yj18c";"cndl 20mm mine, 1-shot, crackling"
1476;"yj18g";"cndl 20mm mine, 1-shot, green"
1477;"yj18r";"cndl 20mm mine, 1-shot, red"
1478;"yj18w";"cndl 20mm mine, 1-shot, white"
1479;"yj5";"strobe pot red 30 sec w/1-ft ematch"
1480;"yj6";"strobe pot green 30 sec w/1-ft ematch"
1481;"yj7";"strobe pot lemon 30 sec w/1-ft ematch"
1482;"yj8b";"fntn flame projector 18"", 60 sec blue"
1483;"yj8g";"fntn flame projector 18"", 60 sec green"
1484;"yj8p";"fntn flame projector 18"", 60 sec purple"
1485;"yj8r";"fntn flame projector 18"", 60 sec red"
1486;"yj8w";"fntn flame projector 18"", 60 sec silver / white"
1487;"yj8y";"fntn flame projector 18"", 60 sec yellow"
1488;"yj9";"strobe pot white 30 sec w/1-ft ematch"
1489;"yjfnt01";"fntn 2-time silver fountain, 4sec,15 ft"
1490;"yjistg";"strobe instant flash (0.1sec) green w/ematch"
1491;"yjistp";"strobe instant flash (0.1sec) purple w/ematch"
1492;"yjistr";"strobe instant flash (0.1sec) red w/ematch"
1493;"yjistw";"strobe instant flash (0.1sec) white w/ematch"
1494;"yjm2";"fntn 30 sec silver crackling fountain - low smoke - 10 ft tall"
1495;"yjm3";"wheel 20 sec silver saxon wheel - 10 ft spread"
1496;"yjm4";"wheel stationary 50 sec silver sun w/red core - 25 ft dia, low smk"
1497;"yjm5";"wheel stationary 50 sec gold sun w/blue core - 25 ft dia, low smk"
1498;"yx25assorta";"2.5"" assortment A yx 4 ea of 24 w/large silver tail & 2 fuses"
1499;"yx3assorta";"3"" assorted shells yx 2 ea of 36 w/big silver tail & 2 fuses"
1500;"yx4assorta";"4"" assortment yx 2 ea of 18 w/big silver tail & 2 fuses"
1501;"yx4n01";"4"" lemon peony w/red core"
1502;"yx4n02";"4"" blue peony w/gold palm core"
1503;"yx4n03";"4"" silver wave w/red core"
1504;"yxck01";"ck S 100s blue tail to golden horse tail w/blue core, gold strb mines (20s)"
1505;"yxck02";"ck 100s color dahlias w/chrys mines (30s)"
1506;"yxck04";"ck Z 100s silver fish mines to silver floating chrys (20s)"
1507;"yxck05";"ck fan 100s dbl layer big gold chrys(gold coco,blue stars&crckrs) (20s)"
1508;"yxck06";"ck 2"" 36s fan bauhinia (silver flying dragons w/blue core) 25 sec"
1509;"yy5assrta";"5"" assortment A fancy - 1 ea of 24, some w/tail, 2 fuses"
1510;"yy5assrtb";"5"" assortment B fancy - 1 ea of 24, some w/tail, 2 fuses"
1511;"yy6assrta";"6"" assort A fancy, 1 ea of 9, some w/ tail, w/2 fuses"
1512;"yy6assrtb";"6"" assort B fancy, 1 ea of 9, some w/ tail, w/2 fuses"
1513;"yy8assrta";"8"" assortment A (fancy), 1 ea of 6, some w/tail, w/2 fuses"
1514;"yy8assrtb";"8"" assortment B (fancy), 1 ea of 6, some w/tail, w/2 fuses"
1515;"zx8023";"fntn 5 sec silver fountain - 16 ft"
1516;"zx8033";"fntn 60 sec special red fountain - 16 ft"
1517;"zx8034";"fntn 20 sec fan shape (3-way) silver fountain - 16 ft"
1518;"zx8041";"fntn 8 sec multicolor embroidery fountain - 16 ft"
1519;"zx8050b";"fntn 18 sec silver fountain - 26 ft"
1520;"zx8057";"wheel 10 sec I-wheel (reversing saxon) - 12 ft diameter"
1521;"zx8060b";"wheel 45 sec moving silver wheel w/blue ring & red spiral - 25 ft dia"
1522;"zx8062a";"fntn 60 sec lotus flower silver fountain - low smoke -12-ft for chromatrope"
1523;"zx8081a";"ufo (girandola) whistling w/big silver tail, 1-step no report 5.5sec"
1524;"zx8081b";"ufo (girandola) whistling w/big silver tail, 1-step with report 6.5sec"
1525;"zx8083a";"fntn 3 sec silver butterfly fountain - 45 ft"
1526;"zx8084c";"fntn 3 sec multicolor (r/g/b) fountain - 45 ft"
